,Bal,Brick,Dist,Floor,Kitsp,Link,Livesp,Metrdist,New,Nfloors,Price,Price_duplicate,Rooms,Tel,Totsp,Walk
1,0,1,53.5884414065,4,120.0,http://www.cian.ru/sale/flat/150992291/,,12,0,4,100000000,100000000.0,3,0,151.0,1
2,0,1,52.6366990672,2,89.0,http://www.cian.ru/sale/flat/150695572/,15.0,11,0,4,55000000,55000000.0,4,1,117.0,1
3,1,1,96.8082348045,7,69.0,http://www.cian.ru/sale/flat/150674314/,13.0,6,0,8,60000000,60000000.0,3,0,124.0,1
4,0,,155.575170516,3,22.7,http://www.cian.ru/sale/flat/149031353/,,6,1,,4403057,4403057.0,1,0,22.7,1
5,0,,155.575170516,2,17.3,http://www.cian.ru/sale/flat/149031259/,,6,1,,4585315,4585315.0,1,0,17.3,1
6,0,,155.575170516,2,10.0,http://www.cian.ru/sale/flat/151004941/,,6,1,5,4814581,4814581.0,1,0,17.3,1
7,0,,159.814123491,2,17.3,http://www.cian.ru/sale/flat/150346368/,,5,0,6,4814581,4814581.0,1,0,17.3,1
8,0,1,106.209277157,3,160.0,http://www.cian.ru/sale/flat/151031275/,,5,0,7,5220000,5220000.0,5,0,261.0,1
9,0,,155.575170516,5,10.0,http://www.cian.ru/sale/flat/151004981/,,6,1,5,5377566,5377566.0,1,0,18.3,1
10,0,,155.575170516,5,18.3,http://www.cian.ru/sale/flat/149031321/,,6,1,,5377566,5377566.0,1,0,18.3,1
11,0,,159.814123491,2,23.7,http://www.cian.ru/sale/flat/148794719/,,5,0,6,5496232,5496232.0,1,0,23.7,1
12,0,1,199.395785827,1,20.0,http://www.cian.ru/sale/flat/150640194/,,4,0,9,5500000,5500000.0,1,1,32.0,1
13,1,,155.888561219,1,20.0,http://www.cian.ru/sale/flat/149565205/,9.6,10,0,1,5550000,5550000.0,1,0,37.4,1
14,0,1,106.209277157,2,157.0,http://www.cian.ru/sale/flat/151031063/,,5,0,7,5800850,5800850.0,5,0,291.5,1
15,1,1,4.08668558774,3,16.0,http://www.cian.ru/sale/flat/149849414/,,,0,5,5999000,5999000.0,1,1,30.0,
16,0,1,19.0150272037,1,20.0,http://www.cian.ru/sale/flat/149300855/,10.0,13,0,12,6000000,6000000.0,1,0,35.0,1
17,0,0,67.9706647554,5,20.0,http://www.cian.ru/sale/flat/145609912/,,10,0,5,6000000,6000000.0,1,0,32.0,1
18,1,1,138.462221924,12,20.1,http://www.cian.ru/sale/flat/149788538/,9.6,10,0,12,6000000,6000000.0,1,1,35.1,0
19,1,1,115.338316966,2,21.0,http://www.cian.ru/sale/flat/148112883/,,12,0,5,6100000,6100000.0,1,1,34.0,1
20,1,1,138.462221924,12,20.0,http://www.cian.ru/sale/flat/149727197/,10.0,10,0,12,6100000,6100000.0,1,1,36.0,1
21,0,,155.575170516,4,15.0,http://www.cian.ru/sale/flat/151005044/,,6,1,4,6258687,6258687.0,1,0,25.5,1
22,0,1,177.279214705,1,18.0,http://www.cian.ru/sale/flat/150463857/,,12,0,4,6300000,6300000.0,1,1,35.0,0
23,0,,155.575170516,3,17.0,http://www.cian.ru/sale/flat/151005116/,,6,1,4,6325576,6325576.0,1,0,30.0,1
24,0,,156.131441807,3,29.5,http://www.cian.ru/sale/flat/148800467/,,5,0,6,6325576,6325576.0,1,0,29.5,1
25,0,,155.575170516,3,18.0,http://www.cian.ru/sale/flat/151005216/,,6,1,4,6437035,6437035.0,1,0,33.5,1
26,0,,155.575170516,4,16.0,http://www.cian.ru/sale/flat/151005085/,,6,1,4,6449418,6449418.0,1,0,28.5,1
27,0,,155.575170516,3,28.2,http://www.cian.ru/sale/flat/149031349/,,6,1,,6467402,6467402.0,1,0,28.2,1
28,0,1,34.7660509889,2,20.5,http://www.cian.ru/sale/flat/140980631/,,11,0,5,6500000,6500000.0,1,1,36.8,1
29,0,,118.154269636,12,35.2,http://www.cian.ru/sale/flat/151010444/,20.2,3,1,12,58174000,58174000.0,2,0,83.0,1
30,0,,150.295774182,2,,http://www.cian.ru/sale/flat/2914021/,,15,0,8,,234530831.08,4,0,237.4,1
31,0,1,248.733123487,5,,http://www.cian.ru/sale/flat/138055159/,,7,0,12,131300000,131300000.0,2,0,131.3,1
32,0,,155.575170516,4,28.1,http://www.cian.ru/sale/flat/149031376/,,6,1,,6577730,6577730.0,1,0,28.1,1
33,1,1,21.281972254,2,18.0,http://www.cian.ru/sale/flat/150459322/,10.0,10,0,12,6600000,6600000.0,1,1,34.0,1
34,1,1,199.943559336,5,20.2,http://www.cian.ru/sale/flat/150678964/,5.6,5,0,9,6600000,6600000.0,1,0,33.1,1
35,1,1,199.943559336,5,18.0,http://www.cian.ru/sale/flat/150679023/,,5,0,9,6600000,6600000.0,2,0,33.1,1
36,0,1,147.483262188,4,17.0,http://www.cian.ru/sale/flat/150977773/,5.4,10,0,5,6800000,6800000.0,1,0,27.0,1
37,1,1,28.8634461602,4,19.0,http://www.cian.ru/sale/flat/150720249/,,15,0,5,6800000,6800000.0,1,0,31.0,1
38,1,0,161.860300951,9,17.0,http://www.cian.ru/sale/flat/147655377/,,9,0,12,6850000,6850000.0,1,0,32.0,1
39,1,,144.233161829,3,19.0,http://www.cian.ru/sale/flat/149431030/,,5,0,16,6900000,6900000.0,1,0,34.0,1
40,1,,144.233161829,8,,http://www.cian.ru/sale/flat/149213362/,,5,0,16,6934500,6934500.0,1,0,34.0,1
41,0,0,262.297514384,5,17.6,http://www.cian.ru/sale/flat/150627596/,7.5,6,0,9,7280000,7280000.0,1,0,33.0,1
42,1,1,136.303664486,4,20.0,http://www.cian.ru/sale/flat/150411534/,10.0,15,0,12,7000000,7000000.0,1,0,36.0,1
43,0,1,159.232525991,2,22.0,http://www.cian.ru/sale/flat/19220848/,5.5,10,0,9,7000000,7000000.0,2,0,35.0,1
44,0,,155.575170516,2,31.7,http://www.cian.ru/sale/flat/149031338/,,6,1,,7007958,7007958.0,1,0,31.7,1
45,0,,79.3638255152,5,27.8,http://www.cian.ru/sale/flat/150684424/,,,1,19,7021000,7021000.0,2,0,41.2,
46,1,1,159.232525991,5,22.0,http://www.cian.ru/sale/flat/150519279/,,16,0,9,7050000,7050000.0,2,0,34.0,1
47,1,,144.233161829,8,19.0,http://www.cian.ru/sale/flat/149213364/,,5,0,16,7079400,7079400.0,1,0,34.0,1
48,0,,155.575170516,4,30.5,http://www.cian.ru/sale/flat/149031293/,,6,1,,7189943,7189943.0,1,0,30.5,1
49,1,,139.746393448,10,20.0,http://www.cian.ru/sale/flat/150974485/,,10,0,12,7200000,7200000.0,1,0,35.0,1
50,0,1,147.483262188,4,25.0,http://www.cian.ru/sale/flat/150545360/,,12,0,5,7200000,7200000.0,1,0,27.0,1
51,1,1,173.372480272,3,19.0,http://www.cian.ru/sale/flat/149808503/,,15,0,9,7200000,7200000.0,1,0,32.0,1
52,0,1,141.930946009,2,18.0,http://www.cian.ru/sale/flat/150645957/,,4,0,9,7200000,7200000.0,1,0,31.0,1
53,0,,156.131441807,3,33.6,http://www.cian.ru/sale/flat/150118457/,,5,0,6,7220153,7220153.0,1,0,33.6,1
54,1,,120.070871138,29,27.4,http://www.cian.ru/sale/flat/148829580/,10.0,,1,44,7240000,7240000.0,1,0,41.8,
55,0,,120.070871138,20,,http://www.cian.ru/sale/flat/150833956/,,11,1,44,7250000,7250000.0,1,0,41.9,1
56,0,,155.575170516,3,32.2,http://www.cian.ru/sale/flat/149031370/,,6,1,,7269461,7269461.0,1,0,32.2,1
57,0,,58.9313768013,52,100.0,http://www.cian.ru/sale/flat/150496201/,15.0,2,0,57,48990000,48990000.0,3,0,153.0,1
58,0,,19.6060789733,3,124.2,http://www.cian.ru/sale/flat/151030502/,,15,0,13,74520000,74520000.0,3,1,124.2,0
59,1,1,147.522422692,6,52.0,http://www.cian.ru/sale/flat/149441292/,12.5,6,0,12,35000000,35000000.0,3,0,98.0,1
60,0,1,159.232525991,2,24.0,http://www.cian.ru/sale/flat/150977807/,,10,0,9,7300000,7300000.0,2,1,38.0,1
61,1,0,3.72020496396,4,19.5,http://www.cian.ru/sale/flat/149396229/,,5,0,5,7300000,7300000.0,1,0,32.0,0
62,1,0,32.4173769213,2,29.0,http://www.cian.ru/sale/flat/149311291/,6.5,15,0,5,7330000,7330000.0,2,0,47.0,1
63,0,,155.575170516,3,32.5,http://www.cian.ru/sale/flat/149031368/,,6,1,,7334891,7334891.0,1,0,32.5,1
64,0,,79.3638255152,4,27.8,http://www.cian.ru/sale/flat/150684509/,,,1,19,7356800,7356800.0,2,0,41.3,
65,0,,79.3638255152,5,23.4,http://www.cian.ru/sale/flat/150684571/,,,1,19,7356800,7356800.0,2,0,42.0,
66,1,0,27.5620318794,5,30.0,http://www.cian.ru/sale/flat/149390159/,,15,0,5,7500000,7500000.0,2,1,45.0,1
67,1,,139.746393448,9,17.0,http://www.cian.ru/sale/flat/149063476/,8.5,10,0,12,7500000,7500000.0,1,0,35.2,1
68,0,,155.575170516,2,34.1,http://www.cian.ru/sale/flat/149031336/,,6,1,,7534606,7534606.0,1,0,34.1,1
69,0,,155.575170516,4,33.0,http://www.cian.ru/sale/flat/149031388/,,6,1,,7584028,7584028.0,1,0,33.0,1
70,1,1,19.9420290492,7,24.0,http://www.cian.ru/sale/flat/150945577/,,10,0,9,7600000,7600000.0,2,1,38.0,0
71,1,0,52.5196842207,2,36.0,http://www.cian.ru/sale/flat/149507258/,,10,0,5,7650000,7650000.0,2,1,43.0,1
72,1,0,52.5196842207,2,36.0,http://www.cian.ru/sale/flat/149507223/,,15,0,5,7650000,7650000.0,2,1,43.0,1
73,0,,155.575170516,4,18.0,http://www.cian.ru/sale/flat/151005178/,,6,1,4,7764334,7764334.0,1,0,32.2,1
74,1,1,22.5611111328,4,31.0,http://www.cian.ru/sale/flat/149385643/,,10,0,5,7800000,7800000.0,2,0,44.0,1
75,1,,1128.73934215,2,34.0,http://www.cian.ru/sale/flat/151022029/,,,0,6,7800000,7800000.0,2,0,67.0,
76,1,1,179.713219959,5,30.0,http://www.cian.ru/sale/flat/150977411/,6.5,8,0,5,7800000,7800000.0,2,1,45.0,1
77,1,0,47.145428973,3,21.0,http://www.cian.ru/sale/flat/146275883/,,4,0,5,7800000,7800000.0,1,0,32.0,1
78,1,,98.1969553764,8,20.0,http://www.cian.ru/sale/flat/149231113/,10.0,5,0,12,7800000,7800000.0,1,1,35.0,1
79,1,1,66.6670856005,7,20.0,http://www.cian.ru/sale/flat/150043158/,,13,0,9,7800000,7800000.0,1,1,31.0,1
80,0,,155.575170516,4,35.6,http://www.cian.ru/sale/flat/149031373/,,6,1,,7804265,7804265.0,1,0,35.6,1
81,0,,155.575170516,3,34.9,http://www.cian.ru/sale/flat/149031278/,,6,1,,7838741,7838741.0,1,0,34.9,1
82,0,1,112.84334671,3,15.0,http://www.cian.ru/sale/flat/150638556/,,4,0,5,7850000,7850000.0,1,0,24.0,1
83,1,1,11.6411649237,5,29.2,http://www.cian.ru/sale/flat/150405030/,5.6,7,0,5,7850000,7850000.0,2,0,43.4,1
84,0,,159.814123491,2,29.0,http://www.cian.ru/sale/flat/147872339/,,5,0,6,7863878,7863878.0,1,0,29.0,1
85,0,,130.830149841,4,47.0,http://www.cian.ru/sale/flat/150873621/,10.0,5,0,9,24800000,24800000.0,2,1,70.0,1
86,1,1,173.333858767,7,111.0,http://www.cian.ru/sale/flat/150314594/,20.0,5,0,7,121000000,121000000.0,5,0,202.2,1
87,1,1,124.46272134,1,28.0,http://www.cian.ru/sale/flat/150032074/,,10,0,6,15400000,15400000.0,2,1,49.0,0
88,0,,155.575170516,2,,http://www.cian.ru/sale/flat/150833977/,,9,1,6,7989174,7989174.0,1,0,28.0,1
89,1,,155.575170516,2,40.0,http://www.cian.ru/sale/flat/149489781/,10.0,5,0,5,7990000,7990000.0,1,1,55.0,1
90,1,1,181.247452558,5,17.0,http://www.cian.ru/sale/flat/148677909/,8.2,13,0,14,8000000,8000000.0,1,0,38.5,1
91,1,1,168.204326247,2,20.0,http://www.cian.ru/sale/flat/150206839/,,8,0,14,8000000,8000000.0,1,1,37.0,0
92,0,,155.575170516,2,30.0,http://www.cian.ru/sale/flat/151005822/,,6,1,5,8081363,8081363.0,2,0,55.2,1
93,0,,155.575170516,2,25.0,http://www.cian.ru/sale/flat/151005668/,,6,1,5,8081363,8081363.0,1,0,55.2,1
94,0,,155.575170516,2,55.2,http://www.cian.ru/sale/flat/149031323/,,6,1,,8081363,8081363.0,1,0,55.2,1
95,0,0,93.600601398,2,15.0,http://www.cian.ru/sale/flat/148024672/,,7,0,17,8100000,8100000.0,1,1,35.0,0
96,0,,155.575170516,2,39.8,http://www.cian.ru/sale/flat/149031339/,,6,1,,8112552,8112552.0,1,0,39.8,1
97,1,0,171.958889424,3,40.0,http://www.cian.ru/sale/flat/150856219/,,4,0,5,8150000,8150000.0,3,1,56.0,1
98,0,,120.070871138,3,20.0,http://www.cian.ru/sale/flat/150975668/,,7,1,44,8157500,8157500.0,1,0,43.0,1
99,1,,193.762959416,7,32.3,http://www.cian.ru/sale/flat/147398175/,5.6,7,0,9,8200000,8200000.0,2,1,44.6,1
100,1,1,43.2383595183,2,20.0,http://www.cian.ru/sale/flat/150418247/,8.5,15,0,5,8200000,8200000.0,1,1,40.0,1
101,0,,155.575170516,5,,http://www.cian.ru/sale/flat/150833988/,,9,1,6,8230204,8230204.0,1,0,30.6,1
102,1,1,233.514132253,8,21.0,http://www.cian.ru/sale/flat/150236079/,,13,0,9,7650000,7650000.0,2,1,36.0,1
103,0,1,120.806260962,3,27.0,http://www.cian.ru/sale/flat/149933253/,,9,0,6,8300000,8300000.0,2,1,40.5,1
104,0,,131.190179945,7,17.0,http://www.cian.ru/sale/flat/148398513/,10.0,5,0,12,8300000,8300000.0,1,1,35.0,0
105,0,,156.131441807,2,55.2,http://www.cian.ru/sale/flat/148800461/,,5,0,6,8323802,8323802.0,2,0,55.2,1
106,1,1,121.635557395,9,19.0,http://www.cian.ru/sale/flat/50540787/,5.1,6,0,9,8400000,8400000.0,1,1,32.0,1
107,0,,52.0048258007,5,19.0,http://www.cian.ru/sale/flat/144408040/,,7,0,5,8400000,8400000.0,1,1,31.0,1
108,1,0,151.728630406,7,19.0,http://www.cian.ru/sale/flat/150538968/,,14,0,16,8400000,8400000.0,1,1,39.0,1
109,0,,156.131441807,2,39.8,http://www.cian.ru/sale/flat/150118455/,,5,0,6,8437054,8437054.0,1,0,39.8,1
110,1,,227.03069796,6,18.0,http://www.cian.ru/sale/flat/150585923/,,10,0,16,8500000,8500000.0,1,1,35.0,1
111,1,1,47.0674372054,5,21.3,http://www.cian.ru/sale/flat/148257362/,5.1,3,0,9,8500000,8500000.0,1,0,31.6,1
112,0,0,163.073610065,6,18.5,http://www.cian.ru/sale/flat/150389374/,11.5,5,0,17,8500000,8500000.0,1,1,37.0,1
113,1,,251.588842548,8,,http://www.cian.ru/sale/flat/138640967/,,5,1,13,20732000,20732000.0,1,0,56.8,1
114,0,1,59.713276463,2,,http://www.cian.ru/sale/flat/148217501/,,5,0,8,,163165184.0,3,0,128.0,1
115,0,,260.715390974,9,77.9,http://www.cian.ru/sale/flat/149444634/,16.0,7,0,12,58411000,58411000.0,3,0,123.6,1
116,0,1,4.27273687485,1,26.6,http://www.cian.ru/sale/flat/148664905/,,7,0,9,8500000,8500000.0,2,0,42.0,1
117,1,1,114.743880393,3,28.7,http://www.cian.ru/sale/flat/137249950/,,8,0,5,8500000,8500000.0,2,1,43.5,1
118,0,,155.575170516,4,37.0,http://www.cian.ru/sale/flat/149031386/,,6,1,,8513060,8513060.0,1,0,37.0,1
119,0,,155.575170516,1,44.0,http://www.cian.ru/sale/flat/149031231/,,6,1,,8570754,8570754.0,1,0,44.0,1
120,1,1,118.631449967,1,37.0,http://www.cian.ru/sale/flat/150923798/,12.0,18,0,13,8600000,8600000.0,2,0,52.0,1
121,0,,155.575170516,4,36.8,http://www.cian.ru/sale/flat/149031391/,,6,1,,8611226,8611226.0,1,0,36.8,1
122,0,1,189.232941017,13,23.1,http://www.cian.ru/sale/flat/150713491/,,2,0,14,8650000,8650000.0,1,0,38.8,1
123,0,,155.575170516,3,38.4,http://www.cian.ru/sale/flat/149031363/,,6,1,,8672814,8672814.0,1,0,38.4,1
124,1,0,106.604395594,12,19.0,http://www.cian.ru/sale/flat/148350834/,,10,0,17,8700000,8700000.0,1,0,39.0,1
125,1,1,278.03236601,4,29.0,http://www.cian.ru/sale/flat/150152817/,,6,0,9,8700000,8700000.0,2,1,44.0,0
126,1,0,99.3362108739,6,20.0,http://www.cian.ru/sale/flat/150315093/,,10,0,17,8700000,8700000.0,1,0,38.0,1
127,0,,155.575170516,2,40.3,http://www.cian.ru/sale/flat/149031239/,,6,1,,8851913,8851913.0,1,0,40.3,1
128,0,,120.070871138,5,,http://www.cian.ru/sale/flat/50960783/,,5,1,39,8886150,8886150.0,1,0,44.1,1
129,0,,120.070871138,4,,http://www.cian.ru/sale/flat/138051130/,,5,1,39,8895300,8895300.0,1,0,44.7,1
130,0,,155.575170516,3,39.4,http://www.cian.ru/sale/flat/149031367/,,6,1,,8896178,8896178.0,1,0,39.4,1
131,1,0,80.4807577189,12,20.0,http://www.cian.ru/sale/flat/149330276/,10.5,3,0,22,8900000,8900000.0,1,1,40.0,0
132,0,1,123.184697346,1,23.0,http://www.cian.ru/sale/flat/151019103/,10.0,3,0,3,8900000,8900000.0,1,1,39.0,1
133,1,0,211.042682138,1,31.0,http://www.cian.ru/sale/flat/150094573/,,9,0,12,8900000,8900000.0,2,0,47.5,1
134,0,,155.575170516,4,49.9,http://www.cian.ru/sale/flat/149031385/,,6,1,,8943624,8943624.0,1,0,49.9,1
135,0,,233.836383728,1,24.2,http://www.cian.ru/sale/flat/150975782/,9.2,5,0,5,8950000,8950000.0,2,0,46.4,1
136,0,,155.575170516,4,38.9,http://www.cian.ru/sale/flat/149031383/,,6,1,,8949981,8949981.0,1,0,38.9,1
137,0,1,120.806260962,4,34.0,http://www.cian.ru/sale/flat/149922809/,,3,0,6,9000000,9000000.0,2,0,54.0,1
138,1,1,72.1629001906,3,18.0,http://www.cian.ru/sale/flat/148934694/,,11,0,9,9000000,9000000.0,1,0,31.0,1
139,0,1,252.140871859,1,40.0,http://www.cian.ru/sale/flat/149657988/,,8,0,8,9000000,9000000.0,2,1,52.0,1
140,0,0,15.1105953009,4,17.0,http://www.cian.ru/sale/flat/150515133/,,4,0,12,9000000,9000000.0,1,1,33.0,1
141,1,,144.233161829,4,44.5,http://www.cian.ru/sale/flat/150520278/,7.9,10,0,16,12312000,12312000.0,3,0,64.9,1
142,0,,166.048642339,3,64.0,http://www.cian.ru/sale/flat/150414450/,16.0,9,0,5,96000000,96000000.0,3,0,111.0,1
143,0,1,22.5908281718,7,96.0,http://www.cian.ru/sale/flat/149431730/,25.0,5,0,8,55000000,55000000.0,5,1,142.0,1
144,0,1,95.3858442667,1,20.0,http://www.cian.ru/sale/flat/150809777/,10.0,7,0,12,9000000,9000000.0,1,1,40.0,1
145,1,0,250.150940023,7,31.0,http://www.cian.ru/sale/flat/140323353/,7.2,7,0,12,9000000,9000000.0,2,1,48.0,1
146,0,1,125.602494387,1,16.0,http://www.cian.ru/sale/flat/147215248/,10.1,9,0,16,9000000,9000000.0,1,1,36.7,1
147,0,1,125.602494387,1,16.0,http://www.cian.ru/sale/flat/147059590/,10.1,5,0,16,9000000,9000000.0,1,1,36.7,1
148,0,,155.575170516,1,41.1,http://www.cian.ru/sale/flat/149031215/,,6,1,,9027459,9027459.0,1,0,41.1,1
149,0,,155.575170516,4,53.6,http://www.cian.ru/sale/flat/149031378/,,6,1,,9069305,9069305.0,1,0,53.6,1
150,1,1,231.051666104,12,19.1,http://www.cian.ru/sale/flat/148894545/,10.0,9,0,16,9100000,9100000.0,1,1,38.0,1
151,0,,156.131441807,3,53.3,http://www.cian.ru/sale/flat/150118029/,,5,0,6,9117548,9117548.0,2,0,53.3,1
152,0,,155.575170516,3,53.3,http://www.cian.ru/sale/flat/149031357/,,6,1,,9117548,9117548.0,1,0,53.3,1
153,1,1,157.910028766,16,19.0,http://www.cian.ru/sale/flat/26243062/,9.7,5,0,16,9199000,9199000.0,1,1,34.2,1
154,0,1,184.345637057,1,29.0,http://www.cian.ru/sale/flat/148224543/,,6,0,5,9200000,9200000.0,2,1,44.0,1
155,1,0,114.528546837,9,19.0,http://www.cian.ru/sale/flat/147901521/,,11,0,17,9200000,9200000.0,1,1,38.0,1
156,0,,120.070871138,7,,http://www.cian.ru/sale/flat/50960868/,,5,1,39,9242550,9242550.0,1,0,43.7,1
157,1,1,162.196411606,8,27.0,http://www.cian.ru/sale/flat/148533758/,,7,0,9,9300000,9300000.0,2,1,42.0,1
158,1,,51.4899786346,6,29.3,http://www.cian.ru/sale/flat/150297774/,,15,0,12,9300000,9300000.0,2,1,45.0,1
159,0,,159.814123491,2,42.6,http://www.cian.ru/sale/flat/149920195/,,5,0,6,9356608,9356608.0,1,0,42.6,1
160,1,,144.233161829,4,28.0,http://www.cian.ru/sale/flat/149434931/,11.0,5,0,16,9389600,9389600.0,2,0,48.0,1
161,0,1,148.195993295,1,22.0,http://www.cian.ru/sale/flat/150329842/,,2,0,9,9390000,9390000.0,2,1,37.0,1
162,0,,155.575170516,4,41.2,http://www.cian.ru/sale/flat/149031390/,,6,1,,9395149,9395149.0,1,0,41.2,1
163,1,0,114.528546837,6,18.0,http://www.cian.ru/sale/flat/149727428/,7.5,9,0,17,9400000,9400000.0,1,1,38.4,1
164,0,,120.070871138,7,,http://www.cian.ru/sale/flat/50960873/,,5,1,39,9432900,9432900.0,1,0,44.6,1
165,0,1,108.252968354,1,18.0,http://www.cian.ru/sale/flat/149842937/,,4,0,5,9500000,9500000.0,1,0,30.0,1
166,0,0,72.7774654373,6,20.0,http://www.cian.ru/sale/flat/149951233/,10.0,5,0,18,9500000,9500000.0,1,0,38.5,1
167,1,1,84.9393494384,10,27.0,http://www.cian.ru/sale/flat/149414837/,,10,0,12,9500000,9500000.0,2,1,45.0,1
168,1,1,123.380302937,4,29.0,http://www.cian.ru/sale/flat/149146537/,6.8,15,0,5,9500000,9500000.0,2,1,45.0,1
169,1,1,176.971709597,3,87.0,http://www.cian.ru/sale/flat/149825939/,15.0,7,0,5,69900000,69900000.0,4,1,124.0,1
170,1,1,124.46272134,1,28.0,http://www.cian.ru/sale/flat/150032074/,,10,0,6,15400000,15400000.0,2,1,49.0,0
171,1,,30.3590248533,9,85.0,http://www.cian.ru/sale/flat/150948633/,17.0,8,1,9,85000000,85000000.0,4,0,158.0,1
172,1,1,172.198356499,5,21.0,http://www.cian.ru/sale/flat/150612489/,,5,0,13,9500000,9500000.0,1,0,40.0,1
173,1,1,95.3858442667,11,22.2,http://www.cian.ru/sale/flat/150468272/,7.5,5,0,12,9500000,9500000.0,2,1,39.5,1
174,1,1,163.266806051,3,29.0,http://www.cian.ru/sale/flat/150639725/,,9,0,5,9500000,9500000.0,2,1,43.0,1
175,1,1,84.7050005467,5,20.0,http://www.cian.ru/sale/flat/144133232/,9.6,9,0,12,9500000,9500000.0,1,1,35.2,1
176,0,1,120.806260962,2,27.0,http://www.cian.ru/sale/flat/149419090/,,5,0,6,9500000,9500000.0,2,1,39.0,1
177,1,1,129.288342776,1,30.0,http://www.cian.ru/sale/flat/150638572/,,11,0,14,9700000,9700000.0,2,0,50.0,1
178,1,0,235.031108823,2,29.0,http://www.cian.ru/sale/flat/139550369/,7.4,7,0,12,9700000,9700000.0,2,1,47.4,1
179,1,1,110.17564285,3,32.0,http://www.cian.ru/sale/flat/136725466/,,11,0,17,9700000,9700000.0,2,1,38.0,1
180,1,1,84.7050005467,3,20.0,http://www.cian.ru/sale/flat/150751616/,,9,0,12,9700000,9700000.0,1,0,35.0,1
181,1,1,157.910028766,12,19.0,http://www.cian.ru/sale/flat/147944625/,10.0,8,0,16,9750000,9750000.0,1,0,37.9,1
182,0,,159.814123491,5,46.2,http://www.cian.ru/sale/flat/149920200/,,5,0,6,9768439,9768439.0,2,0,46.2,1
183,1,,171.163435861,6,42.0,http://www.cian.ru/sale/flat/149323017/,5.5,8,0,9,9800000,9800000.0,3,1,58.0,1
184,1,,155.575170516,3,45.0,http://www.cian.ru/sale/flat/149490088/,10.0,5,0,5,9800000,9800000.0,1,0,60.0,1
185,1,0,15.1105953009,10,35.0,http://www.cian.ru/sale/flat/149130783/,,4,0,12,9800000,9800000.0,2,1,46.0,1
186,0,,155.575170516,1,45.9,http://www.cian.ru/sale/flat/149031213/,,6,1,,9865843,9865843.0,1,0,45.9,1
187,0,,156.131441807,3,59.1,http://www.cian.ru/sale/flat/150118460/,,5,0,6,9886025,9886025.0,3,0,59.1,1
188,0,,155.575170516,3,59.1,http://www.cian.ru/sale/flat/149031371/,,6,1,,9886025,9886025.0,1,0,59.1,1
189,1,1,222.065147621,7,28.3,http://www.cian.ru/sale/flat/151041941/,6.5,6,0,8,9900000,9900000.0,2,1,43.0,1
190,1,1,284.174720112,3,30.0,http://www.cian.ru/sale/flat/150738741/,7.8,8,0,8,9900000,9900000.0,2,1,46.0,1
191,1,0,17.8543637555,13,19.0,http://www.cian.ru/sale/flat/150940127/,7.4,15,0,17,9900000,9900000.0,1,0,38.0,1
192,1,0,250.150940023,7,32.0,http://www.cian.ru/sale/flat/150211678/,,12,0,12,9900000,9900000.0,2,0,49.0,1
193,1,1,199.511513759,10,19.5,http://www.cian.ru/sale/flat/149781961/,9.1,3,0,14,9900000,9900000.0,1,0,38.0,1
194,0,1,78.886078204,7,15.0,http://www.cian.ru/sale/flat/150911073/,,7,0,8,9900000,9900000.0,1,0,30.0,1
195,1,1,87.5095272857,1,32.0,http://www.cian.ru/sale/flat/148916134/,,15,0,9,9900000,9900000.0,2,1,44.6,1
196,1,1,16.5925073426,4,28.6,http://www.cian.ru/sale/flat/147978925/,5.5,10,0,5,9900000,9900000.0,2,1,42.6,1
197,1,1,117.355160884,3,90.0,http://www.cian.ru/sale/flat/36339647/,,12,0,12,,114343101.6,4,0,156.0,1
198,0,,146.808233902,4,43.9,http://www.cian.ru/sale/flat/150978468/,,5,1,6,35584000,35584000.0,2,0,70.0,1
199,1,1,277.599308284,9,83.0,http://www.cian.ru/sale/flat/150913161/,17.0,12,0,,,66923220.0,3,1,100.0,1
200,0,,159.814123491,1,46.2,http://www.cian.ru/sale/flat/150235286/,,5,0,6,9930382,9930382.0,2,0,46.2,1
201,0,,155.575170516,1,46.2,http://www.cian.ru/sale/flat/149031221/,,6,1,,9930382,9930382.0,1,0,46.2,1
202,0,1,65.071569515,1,27.0,http://www.cian.ru/sale/flat/148653881/,,10,0,8,9950000,9950000.0,2,0,40.0,1
203,1,1,119.2367923,5,20.0,http://www.cian.ru/sale/flat/150871176/,10.0,12,0,8,9990000,9990000.0,1,0,35.0,1
204,0,1,117.911771798,3,24.0,http://www.cian.ru/sale/flat/150638655/,,4,0,5,10000000,10000000.0,2,0,33.0,1
205,1,1,0.25685619902,3,28.0,http://www.cian.ru/sale/flat/150541005/,,12,0,12,10000000,10000000.0,2,1,40.0,1
206,0,,140.028260072,1,38.0,http://www.cian.ru/sale/flat/33372016/,5.4,7,0,9,10000000,10000000.0,3,1,54.5,0
207,0,1,65.3044141464,1,25.1,http://www.cian.ru/sale/flat/149007233/,6.1,11,0,8,10000000,10000000.0,2,0,41.0,1
208,1,1,238.136092279,7,32.0,http://www.cian.ru/sale/flat/150973445/,,10,0,14,10000000,10000000.0,2,0,48.0,1
209,0,1,86.7702336246,2,19.9,http://www.cian.ru/sale/flat/150876664/,9.7,3,0,12,10000000,10000000.0,1,1,34.8,1
210,1,1,19.0150272037,9,20.0,http://www.cian.ru/sale/flat/17264878/,10.0,10,0,12,9999999,9999999.0,1,1,35.1,1
211,1,1,43.1135935484,8,23.0,http://www.cian.ru/sale/flat/148884599/,,4,0,9,10000000,10000000.0,2,0,38.0,1
212,1,1,109.793422992,9,18.0,http://www.cian.ru/sale/flat/150827072/,,11,0,9,10000000,10000000.0,1,0,33.9,1
213,1,1,16.8651248649,3,19.0,http://www.cian.ru/sale/flat/150996254/,,15,0,12,10000000,10000000.0,1,0,35.0,0
214,1,1,71.2182162215,9,28.2,http://www.cian.ru/sale/flat/150853943/,5.1,3,0,9,10000000,10000000.0,2,1,41.5,1
215,1,,140.028260072,5,28.0,http://www.cian.ru/sale/flat/151026227/,,9,0,9,10000000,10000000.0,2,0,43.0,1
216,1,,144.233161829,8,28.0,http://www.cian.ru/sale/flat/149213366/,11.0,5,0,16,10029600,10029600.0,2,0,50.0,1
217,0,1,136.110235214,7,31.0,http://www.cian.ru/sale/flat/149558180/,10.0,,0,12,10100000,10100000.0,2,0,52.0,
218,1,1,87.5095272857,1,32.0,http://www.cian.ru/sale/flat/148915854/,,11,0,9,10100000,10100000.0,2,1,44.6,1
219,1,1,87.5095272857,1,32.0,http://www.cian.ru/sale/flat/146785232/,,10,0,9,10100000,10100000.0,2,1,44.6,1
220,0,,112.452309118,20,48.4,http://www.cian.ru/sale/flat/150876128/,,7,0,44,10200000,10200000.0,1,0,48.4,1
221,1,1,55.9601633142,6,18.0,http://www.cian.ru/sale/flat/150057539/,10.0,5,0,9,10250000,10250000.0,1,0,37.0,1
222,0,1,197.59035147,2,15.1,http://www.cian.ru/sale/flat/149409653/,,5,0,14,10290000,10290000.0,1,1,30.1,1
223,1,1,117.598874989,14,24.0,http://www.cian.ru/sale/flat/150736409/,,6,0,14,10300000,10300000.0,2,0,39.0,1
224,1,1,243.820401415,4,26.0,http://www.cian.ru/sale/flat/51892024/,,9,0,12,10300000,10300000.0,2,1,39.0,0
225,1,1,77.5428518809,13,65.0,http://www.cian.ru/sale/flat/148387202/,15.0,3,0,14,36995000,36995000.0,3,1,90.0,1
226,0,1,145.540980915,2,70.0,http://www.cian.ru/sale/flat/21304817/,,7,0,10,62500000,62500000.0,3,0,122.6,1
227,0,,260.715390974,13,39.5,http://www.cian.ru/sale/flat/149444630/,,7,0,13,29895000,29895000.0,1,0,48.2,1
228,1,,144.233161829,13,28.0,http://www.cian.ru/sale/flat/149213363/,11.0,5,0,16,10329300,10329300.0,2,0,49.0,1
229,0,1,227.106810156,8,31.0,http://www.cian.ru/sale/flat/150807104/,10.0,8,0,12,10500000,10500000.0,2,0,52.0,1
230,0,,155.575170516,2,46.5,http://www.cian.ru/sale/flat/149031241/,,6,1,,10403243,10403243.0,1,0,46.5,1
231,0,,79.3638255152,16,53.2,http://www.cian.ru/sale/flat/150689132/,,,1,19,10478000,10478000.0,3,0,69.9,
232,0,,155.575170516,4,46.0,http://www.cian.ru/sale/flat/149031287/,,6,1,,10485169,10485169.0,1,0,46.0,1
233,1,0,15.1105953009,6,28.0,http://www.cian.ru/sale/flat/149495692/,,4,0,12,10490000,10490000.0,2,1,46.0,1
234,0,1,103.460209182,5,17.0,http://www.cian.ru/sale/flat/150781044/,,5,0,5,10500000,10500000.0,1,0,30.0,1
235,0,1,252.212278527,2,19.0,http://www.cian.ru/sale/flat/150933448/,10.0,2,0,5,10500000,10500000.0,1,1,35.5,1
236,1,1,251.388723507,6,23.5,http://www.cian.ru/sale/flat/149397410/,7.5,8,0,9,10500000,10500000.0,2,0,38.0,1
237,1,1,98.8325523358,1,17.0,http://www.cian.ru/sale/flat/150912522/,,10,0,9,10500000,10500000.0,1,1,37.0,1
238,1,0,140.819070144,7,32.0,http://www.cian.ru/sale/flat/150813313/,,14,0,17,10500000,10500000.0,2,0,55.0,1
239,1,,210.535108936,3,28.0,http://www.cian.ru/sale/flat/149006725/,,10,0,5,10500000,10500000.0,2,1,40.0,1
240,1,0,75.0908791534,11,19.0,http://www.cian.ru/sale/flat/150658211/,,3,0,17,10500000,10500000.0,1,0,39.0,1
241,0,1,153.03685543,3,47.0,http://www.cian.ru/sale/flat/150713577/,,9,0,5,10500000,10500000.0,3,1,65.0,1
242,0,1,129.284983049,2,27.1,http://www.cian.ru/sale/flat/149135752/,,20,0,8,10500000,10500000.0,2,1,48.3,1
243,1,1,74.3022412083,4,27.0,http://www.cian.ru/sale/flat/150720845/,,3,0,9,10500000,10500000.0,2,0,35.0,1
244,0,,155.575170516,3,35.0,http://www.cian.ru/sale/flat/151005980/,,6,1,8,10598345,10598345.0,2,0,61.5,1
245,0,,156.131441807,3,61.5,http://www.cian.ru/sale/flat/150118459/,,5,0,6,10598345,10598345.0,2,0,61.5,1
246,0,,155.575170516,3,,http://www.cian.ru/sale/flat/150833989/,,9,1,6,10598345,10598345.0,2,0,61.4,1
247,1,1,184.345637057,2,29.0,http://www.cian.ru/sale/flat/149833251/,,3,0,5,10600000,10600000.0,2,0,44.0,1
248,0,,155.575170516,4,60.7,http://www.cian.ru/sale/flat/149031384/,,6,1,,10661503,10661503.0,1,0,60.7,1
249,1,1,208.976000653,5,26.0,http://www.cian.ru/sale/flat/149586481/,,5,0,5,10800000,10800000.0,2,0,42.0,1
250,0,,155.575170516,1,30.0,http://www.cian.ru/sale/flat/151005586/,,6,1,5,10817568,10817568.0,2,0,51.3,1
251,0,,155.575170516,1,25.0,http://www.cian.ru/sale/flat/151005358/,,6,1,5,10817568,10817568.0,1,0,51.3,1
252,0,,155.575170516,1,51.3,http://www.cian.ru/sale/flat/149031209/,,6,1,,10817568,10817568.0,1,0,51.3,1
253,0,1,55.1191258798,2,30.0,http://www.cian.ru/sale/flat/50903958/,,2,0,12,30290000,30290000.0,1,1,42.2,1
254,0,1,52.6366990672,2,89.0,http://www.cian.ru/sale/flat/150695573/,15.0,8,0,4,55000000,55000000.0,4,1,117.0,1
255,0,,42.9966260534,2,,http://www.cian.ru/sale/flat/148287729/,,,1,18,32645200,32645200.0,2,0,73.4,
256,0,,155.575170516,4,47.6,http://www.cian.ru/sale/flat/149031285/,,6,1,,10859151,10859151.0,1,0,47.6,1
257,1,1,66.6670856005,5,32.0,http://www.cian.ru/sale/flat/150521993/,,7,0,9,10900000,10900000.0,2,1,43.0,1
258,1,1,1.12863183008,3,19.0,http://www.cian.ru/sale/flat/150387502/,,10,0,10,10900000,10900000.0,1,1,34.0,1
259,1,0,75.0908791534,3,20.0,http://www.cian.ru/sale/flat/149021395/,,1,0,17,10900000,10900000.0,1,1,40.0,1
260,0,1,19.7227321424,3,36.0,http://www.cian.ru/sale/flat/148443997/,,7,0,7,10900000,10900000.0,2,1,56.0,1
261,0,,149.347372596,6,32.1,http://www.cian.ru/sale/flat/138125457/,,5,1,9,10900000,10900000.0,1,0,39.2,1
262,0,0,229.171784401,2,19.0,http://www.cian.ru/sale/flat/150780674/,22.0,9,0,12,10900000,10900000.0,1,1,45.0,1
263,0,0,229.171784401,2,19.0,http://www.cian.ru/sale/flat/137145027/,22.0,5,0,12,10900000,10900000.0,2,0,45.0,1
264,1,1,229.487677455,6,19.4,http://www.cian.ru/sale/flat/150807537/,9.5,5,0,14,10900000,10900000.0,1,1,35.0,1
265,1,1,230.173968443,7,28.3,http://www.cian.ru/sale/flat/150541205/,,7,0,12,10900000,10900000.0,2,1,44.0,1
266,0,1,96.292413038,2,50.0,http://www.cian.ru/sale/flat/150885034/,,9,0,4,10950000,10950000.0,2,0,67.5,1
267,0,,159.814123491,1,56.4,http://www.cian.ru/sale/flat/149920193/,,5,0,6,10958128,10958128.0,2,0,56.4,1
268,1,1,218.365206751,9,32.0,http://www.cian.ru/sale/flat/149782738/,7.1,8,0,9,10987000,10987000.0,2,0,48.4,1
269,1,1,218.365206751,9,29.1,http://www.cian.ru/sale/flat/148383684/,,8,0,9,10987111,10987111.0,2,1,50.0,1
270,1,1,228.085385672,4,25.2,http://www.cian.ru/sale/flat/50948798/,,5,0,5,10999000,10999000.0,2,1,40.0,1
271,0,1,195.792485837,6,30.0,http://www.cian.ru/sale/flat/150638398/,,5,0,8,11000000,11000000.0,2,0,43.0,1
272,1,1,94.7919041224,3,18.0,http://www.cian.ru/sale/flat/149051482/,,10,0,5,11000000,11000000.0,1,1,31.0,1
273,1,1,98.8325523358,4,17.0,http://www.cian.ru/sale/flat/150291609/,,10,0,9,11000000,11000000.0,1,0,37.0,0
274,1,0,239.486030016,2,20.9,http://www.cian.ru/sale/flat/49347326/,8.6,5,0,14,11000000,11000000.0,1,0,39.0,1
275,1,,232.615542909,7,20.0,http://www.cian.ru/sale/flat/150346379/,10.0,3,0,8,11000000,11000000.0,1,0,39.0,1
276,1,1,165.652712896,3,20.0,http://www.cian.ru/sale/flat/150503960/,,10,0,7,11000000,11000000.0,1,1,37.0,1
277,1,1,74.3412820731,4,23.0,http://www.cian.ru/sale/flat/148215472/,,11,0,14,11000000,11000000.0,2,1,38.0,1
278,1,,153.744114586,11,21.6,http://www.cian.ru/sale/flat/150251771/,,1,0,15,11000000,11000000.0,1,1,39.0,1
279,1,,111.818841781,1,22.9,http://www.cian.ru/sale/flat/150332385/,,11,0,9,11000000,11000000.0,2,1,39.3,1
280,1,1,199.310918292,8,18.0,http://www.cian.ru/sale/flat/150438708/,,9,0,8,11000000,11000000.0,1,1,31.0,1
281,0,1,56.3892832291,8,26.0,http://www.cian.ru/sale/flat/149704180/,,2,0,10,19300000,19300000.0,1,0,32.0,1
282,0,,211.681587124,5,41.0,http://www.cian.ru/sale/flat/149594110/,10.0,15,0,10,30193436,30193436.0,3,1,76.1,0
283,1,,255.129105681,12,80.0,http://www.cian.ru/sale/flat/149919091/,,9,1,28,29500020,29500020.0,3,0,109.1,1
284,0,,155.575170516,5,47.8,http://www.cian.ru/sale/flat/149031298/,,6,1,,11094266,11094266.0,1,0,47.8,1
285,0,,94.4714951946,1,,http://www.cian.ru/sale/flat/148186493/,,7,0,8,11150000,11150000.0,1,0,28.0,1
286,0,,94.4714951946,1,,http://www.cian.ru/sale/flat/148053763/,,10,0,8,11160000,11160000.0,1,0,28.0,1
287,0,,91.1113686,1,22.9,http://www.cian.ru/sale/flat/142254433/,,10,1,8,11160000,11160000.0,1,0,27.9,1
288,1,,118.584513775,4,46.0,http://www.cian.ru/sale/flat/139037740/,6.5,12,0,5,11200000,11200000.0,3,0,60.0,1
289,0,1,166.083805428,1,43.0,http://www.cian.ru/sale/flat/39438035/,,7,0,9,11200000,11200000.0,3,1,78.0,1
290,0,1,65.8166639811,1,16.0,http://www.cian.ru/sale/flat/148340141/,,7,0,8,11200000,11200000.0,1,1,30.0,1
291,1,,193.56231169,2,20.0,http://www.cian.ru/sale/flat/149726378/,,8,1,7,11249465,11249465.0,1,0,38.6,1
292,1,1,146.52776558,4,51.0,http://www.cian.ru/sale/flat/148440406/,,10,0,5,11300000,11300000.0,4,1,73.0,1
293,1,1,45.6090387824,6,31.0,http://www.cian.ru/sale/flat/150097553/,,5,0,9,11300000,11300000.0,2,0,44.2,1
294,0,,149.347372596,7,,http://www.cian.ru/sale/flat/148506881/,,5,0,8,11368000,11368000.0,2,0,39.2,1
295,1,1,6.56054590867,2,30.0,http://www.cian.ru/sale/flat/151016151/,,5,0,5,11390000,11390000.0,3,0,54.0,1
296,1,,80.1903300359,8,15.1,http://www.cian.ru/sale/flat/150840395/,10.0,5,0,12,11400000,11400000.0,1,0,35.8,1
297,1,1,125.007803275,9,20.0,http://www.cian.ru/sale/flat/50164885/,14.0,5,0,12,11400000,11400000.0,1,1,43.0,1
298,1,1,109.558829585,9,23.1,http://www.cian.ru/sale/flat/150889637/,,5,0,12,11500000,11500000.0,2,1,38.7,1
299,0,0,9.43944071922,10,24.5,http://www.cian.ru/sale/flat/148186999/,10.0,10,0,14,11500000,11500000.0,1,1,44.5,1
300,1,1,133.444403994,3,21.5,http://www.cian.ru/sale/flat/149794286/,7.7,5,0,9,11500000,11500000.0,2,0,36.3,1
301,1,1,185.311025823,4,23.0,http://www.cian.ru/sale/flat/150362484/,,3,0,9,11500000,11500000.0,2,1,40.0,1
302,1,1,212.723645444,3,38.0,http://www.cian.ru/sale/flat/150813847/,10.0,7,0,6,11500000,11500000.0,2,1,65.7,1
303,1,1,218.365206751,3,17.0,http://www.cian.ru/sale/flat/150516094/,,8,0,9,11500000,11500000.0,2,1,48.0,1
304,1,,84.8221747035,6,19.0,http://www.cian.ru/sale/flat/150989826/,,1,0,17,11500000,11500000.0,1,1,40.0,1
305,0,1,137.288029925,5,36.5,http://www.cian.ru/sale/flat/144945147/,,5,0,8,11530000,11530000.0,2,1,52.0,1
306,1,,144.233161829,3,16.6,http://www.cian.ru/sale/flat/48914866/,11.7,10,1,19,11561100,11561100.0,1,0,43.3,1
307,1,0,181.828970804,8,34.0,http://www.cian.ru/sale/flat/138136081/,6.2,11,0,9,11650000,11650000.0,3,1,56.0,1
308,1,,131.190179945,7,33.0,http://www.cian.ru/sale/flat/150354042/,,5,0,12,11650000,11650000.0,2,1,50.0,1
309,0,,166.048642339,2,142.0,http://www.cian.ru/sale/flat/3039228/,25.0,6,0,3,,220304866.6,6,0,223.0,1
310,0,1,121.674675859,5,90.0,http://www.cian.ru/sale/flat/150699386/,30.0,1,0,5,45000000,45000000.0,5,1,135.0,1
311,0,1,56.3892832291,2,25.0,http://www.cian.ru/sale/flat/49362529/,,2,0,10,16500000,16500000.0,2,1,41.0,1
312,1,0,136.857450673,6,34.0,http://www.cian.ru/sale/flat/150797556/,10.0,15,0,14,11700000,11700000.0,2,0,52.0,1
313,1,,157.557435063,9,17.7,http://www.cian.ru/sale/flat/149860931/,10.0,9,0,16,11720000,11720000.0,1,1,39.0,1
314,0,0,231.407811592,1,30.0,http://www.cian.ru/sale/flat/148664670/,,6,0,12,11800000,11800000.0,2,1,53.0,1
315,1,1,109.558829585,9,23.1,http://www.cian.ru/sale/flat/150946288/,6.5,3,0,12,11850000,11850000.0,2,1,38.7,1
316,0,1,164.140030621,6,29.1,http://www.cian.ru/sale/flat/150639622/,9.4,10,0,12,11890000,11890000.0,2,1,51.0,1
317,1,0,284.726030819,3,31.5,http://www.cian.ru/sale/flat/150518479/,8.1,3,0,16,11900000,11900000.0,2,1,52.7,1
318,1,1,62.0856142663,8,28.0,http://www.cian.ru/sale/flat/148074189/,,8,0,9,11900000,11900000.0,2,1,43.2,1
319,0,1,17.5739453242,2,37.0,http://www.cian.ru/sale/flat/148904671/,10.0,13,0,5,11900000,11900000.0,2,1,55.8,1
320,0,,155.575170516,4,47.9,http://www.cian.ru/sale/flat/149031381/,,6,1,,11929794,11929794.0,1,0,47.9,1
321,0,1,219.75556513,2,29.0,http://www.cian.ru/sale/flat/150993213/,,5,0,9,11950000,11950000.0,2,0,45.0,1
322,1,1,79.3405555115,7,33.0,http://www.cian.ru/sale/flat/150585702/,10.0,2,0,7,11980000,11980000.0,2,0,62.0,1
323,0,1,241.791825859,2,30.0,http://www.cian.ru/sale/flat/150639797/,,6,0,6,11000000,11000000.0,2,0,47.0,1
324,1,1,209.81269813,15,22.0,http://www.cian.ru/sale/flat/2473024/,12.0,3,0,18,12000000,12000000.0,1,1,45.0,1
325,0,0,176.153052069,4,45.0,http://www.cian.ru/sale/flat/150906820/,6.4,3,0,12,12000000,12000000.0,3,0,55.0,1
326,1,0,81.8539408997,12,38.0,http://www.cian.ru/sale/flat/150095412/,10.0,4,0,12,12000000,12000000.0,2,1,64.0,1
327,1,1,256.891326036,6,24.9,http://www.cian.ru/sale/flat/150691006/,6.5,10,0,9,12000000,12000000.0,2,0,41.7,1
328,1,1,64.8874648295,2,14.2,http://www.cian.ru/sale/flat/149433835/,8.1,4,0,14,12000000,12000000.0,1,1,37.8,1
329,1,0,152.558992574,5,36.0,http://www.cian.ru/sale/flat/150381443/,6.7,8,0,16,12000000,12000000.0,2,0,60.7,1
330,1,1,135.307429119,2,25.0,http://www.cian.ru/sale/flat/150464109/,,4,0,8,12000000,12000000.0,2,1,35.0,1
331,1,0,168.675612812,6,33.2,http://www.cian.ru/sale/flat/148771434/,,8,0,9,12000000,12000000.0,3,1,51.5,1
332,0,1,40.9848762747,2,32.5,http://www.cian.ru/sale/flat/147948234/,,6,0,9,12000000,12000000.0,2,1,42.9,0
333,0,1,40.9848762747,2,33.0,http://www.cian.ru/sale/flat/151036847/,,5,0,9,12000000,12000000.0,2,1,43.0,1
334,0,1,252.660010768,6,32.0,http://www.cian.ru/sale/flat/149331491/,,7,0,7,11999999,11999999.0,2,1,49.2,1
335,1,,144.233161829,4,44.0,http://www.cian.ru/sale/flat/149434930/,,5,0,16,12006500,12006500.0,3,0,65.0,1
336,1,0,262.297514384,4,40.0,http://www.cian.ru/sale/flat/150654690/,6.3,6,0,9,12050000,12050000.0,3,0,64.0,1
337,0,1,169.571802324,3,180.0,http://www.cian.ru/sale/flat/43513091/,,5,0,8,,254945600.0,5,0,281.2,1
338,0,1,14.3805286485,5,85.0,http://www.cian.ru/sale/flat/149997704/,15.0,8,0,7,53500000,53500000.0,4,1,108.0,1
339,0,,119.321965312,3,101.0,http://www.cian.ru/sale/flat/140968817/,50.0,11,0,5,55000000,55000000.0,3,0,155.0,1
340,1,0,262.297514384,4,40.0,http://www.cian.ru/sale/flat/149352162/,6.3,7,0,9,12050000,12050000.0,3,1,64.0,1
341,1,1,233.43553497,6,36.6,http://www.cian.ru/sale/flat/148895641/,7.6,7,0,9,,12109916.0,2,1,53.8,1
342,1,1,277.552066077,7,37.0,http://www.cian.ru/sale/flat/150828384/,12.0,5,0,9,12100000,12100000.0,2,1,54.6,1
343,0,,188.205887375,2,31.7,http://www.cian.ru/sale/flat/149011459/,,5,1,7,12149400,12149400.0,1,0,38.6,1
344,0,,193.56231169,2,,http://www.cian.ru/sale/flat/150222232/,,8,1,7,12149427,12149427.0,1,0,38.6,1
345,0,,193.56231169,2,,http://www.cian.ru/sale/flat/149582831/,,8,1,7,12149427,12149427.0,1,0,38.6,1
346,0,,193.56231169,2,,http://www.cian.ru/sale/flat/150866572/,,8,1,7,12149427,12149427.0,1,0,38.6,1
347,1,0,159.742647725,5,35.0,http://www.cian.ru/sale/flat/149678467/,15.0,,0,9,12150000,12150000.0,3,0,60.0,
348,0,,191.879885976,2,,http://www.cian.ru/sale/flat/48905331/,,5,1,7,12177741,12177741.0,1,0,38.7,1
349,0,,193.56231169,2,,http://www.cian.ru/sale/flat/150866571/,,8,1,7,12177740,12177740.0,1,0,38.7,1
350,1,0,159.742647725,5,43.0,http://www.cian.ru/sale/flat/150505189/,,10,0,9,12200000,12200000.0,3,0,60.0,1
351,1,,87.824771885,2,28.0,http://www.cian.ru/sale/flat/149498170/,,5,0,5,12200000,12200000.0,2,1,36.0,1
352,1,0,262.297514384,4,40.0,http://www.cian.ru/sale/flat/150828437/,6.3,5,0,9,12200000,12200000.0,3,1,64.0,1
353,0,,94.4714951946,1,,http://www.cian.ru/sale/flat/150412172/,,12,0,8,12240000,12240000.0,1,0,30.6,1
354,1,,219.446212542,12,30.0,http://www.cian.ru/sale/flat/51898234/,9.5,7,0,12,12250000,12250000.0,2,1,51.0,1
355,1,0,168.675612812,6,33.2,http://www.cian.ru/sale/flat/150412627/,,10,0,9,12300000,12300000.0,3,1,51.5,1
356,0,1,243.466568125,5,32.0,http://www.cian.ru/sale/flat/13082512/,,8,0,12,12300000,12300000.0,2,1,50.0,1
357,1,1,74.3412820731,3,19.0,http://www.cian.ru/sale/flat/150984067/,10.0,5,0,14,12300000,12300000.0,1,1,36.0,1
358,0,1,91.4454973638,12,31.0,http://www.cian.ru/sale/flat/138858988/,9.6,7,0,12,12300000,12300000.0,2,1,50.5,1
359,1,,144.233161829,8,43.0,http://www.cian.ru/sale/flat/149213365/,,5,0,16,12312000,12312000.0,3,0,64.0,1
360,0,1,109.199124163,2,42.0,http://www.cian.ru/sale/flat/150119665/,,8,0,5,12350000,12350000.0,3,1,55.5,1
361,0,,79.3638255152,6,45.7,http://www.cian.ru/sale/flat/150688077/,,,1,19,12357700,12357700.0,3,0,64.7,
362,0,,191.879885976,3,,http://www.cian.ru/sale/flat/139456959/,,5,1,7,12393120,12393120.0,1,0,38.6,1
363,0,,193.56231169,3,,http://www.cian.ru/sale/flat/150866574/,,8,1,7,12393120,12393120.0,1,0,38.6,1
364,1,1,90.1581167412,9,25.0,http://www.cian.ru/sale/flat/150697081/,,10,0,9,12400000,12400000.0,2,0,38.0,0
365,0,1,95.9407227812,2,,http://www.cian.ru/sale/flat/149517610/,,3,0,3,50716000,50716000.0,3,0,105.6,1
366,1,,30.3590248533,6,57.0,http://www.cian.ru/sale/flat/149914299/,14.0,7,1,9,48000000,48000000.0,3,0,148.0,1
367,0,,111.802271073,2,30.0,http://www.cian.ru/sale/flat/150882546/,,6,1,11,,34245567.72,1,0,59.7,1
368,1,1,124.965894892,5,21.0,http://www.cian.ru/sale/flat/149401409/,,10,0,6,12450000,12450000.0,1,1,38.0,1
369,1,1,122.11280702,8,22.0,http://www.cian.ru/sale/flat/150645853/,10.0,7,0,9,12480000,12480000.0,1,0,47.0,1
370,1,,214.443029922,3,45.4,http://www.cian.ru/sale/flat/36857278/,,3,0,5,12490000,12490000.0,3,1,56.0,1
371,1,1,135.67694759,5,23.1,http://www.cian.ru/sale/flat/28430464/,,2,0,9,12500000,12500000.0,1,1,40.1,1
372,0,0,75.0908791534,5,19.0,http://www.cian.ru/sale/flat/150638327/,10.0,2,0,17,12500000,12500000.0,1,0,40.0,1
373,1,0,212.003552958,10,30.3,http://www.cian.ru/sale/flat/149783852/,8.5,7,0,17,12500000,12500000.0,2,0,50.9,1
374,1,1,16.5925073426,4,35.0,http://www.cian.ru/sale/flat/148809305/,10.0,10,0,5,12500000,12500000.0,2,1,53.0,1
375,1,1,106.110572154,7,30.0,http://www.cian.ru/sale/flat/150132911/,,15,0,12,12200000,12200000.0,2,0,45.0,1
376,0,1,147.961024672,2,30.0,http://www.cian.ru/sale/flat/149863410/,,12,0,12,12500000,12500000.0,2,1,56.0,1
377,0,,193.56231169,2,,http://www.cian.ru/sale/flat/150866570/,,8,1,7,12533034,12533034.0,1,0,38.7,1
378,0,0,159.742647725,5,43.0,http://www.cian.ru/sale/flat/150638618/,,7,0,9,12600000,12600000.0,3,0,60.0,1
379,0,,149.347372596,7,,http://www.cian.ru/sale/flat/142990757/,,5,0,10,12600000,12600000.0,1,0,39.0,1
380,1,,149.347372596,7,38.8,http://www.cian.ru/sale/flat/150046260/,,7,0,10,12600000,12600000.0,1,0,38.8,1
381,0,,146.809711466,7,37.8,http://www.cian.ru/sale/flat/142857626/,,3,0,10,12600000,12600000.0,1,0,37.8,1
382,0,,146.809711466,6,31.8,http://www.cian.ru/sale/flat/149786011/,,5,1,8,12600000,12600000.0,1,0,38.8,1
383,1,0,159.742647725,5,49.0,http://www.cian.ru/sale/flat/150168434/,,10,0,9,12600000,12600000.0,3,1,60.0,1
384,0,,87.824771885,2,,http://www.cian.ru/sale/flat/150571556/,,13,0,5,12600000,12600000.0,2,0,37.0,1
385,0,,155.575170516,8,,http://www.cian.ru/sale/flat/149442047/,40.0,5,0,8,12600000,12600000.0,1,0,40.0,1
386,0,,191.879885976,4,,http://www.cian.ru/sale/flat/146853460/,,5,1,7,12614713,12614713.0,1,0,38.5,1
387,0,,193.56231169,4,,http://www.cian.ru/sale/flat/150866576/,,8,1,7,12614713,12614713.0,1,0,38.5,1
388,0,,155.575170516,2,30.0,http://www.cian.ru/sale/flat/151005316/,,6,1,8,12646834,12646834.0,2,0,50.3,1
389,0,,155.575170516,2,25.0,http://www.cian.ru/sale/flat/151005271/,,6,1,8,12646834,12646834.0,1,0,50.3,1
390,0,,155.575170516,2,50.3,http://www.cian.ru/sale/flat/149031238/,,6,1,,12646834,12646834.0,1,0,50.3,1
391,0,,155.575170516,5,60.8,http://www.cian.ru/sale/flat/149031310/,,6,1,,12751098,12751098.0,1,0,60.8,1
392,1,1,173.372480272,4,40.1,http://www.cian.ru/sale/flat/150163594/,5.4,12,0,9,12800000,12800000.0,3,1,56.4,1
393,1,1,66.5617341423,3,34.5,http://www.cian.ru/sale/flat/40357301/,5.9,5,0,7,25200000,25200000.0,2,1,50.5,1
394,1,0,234.371881988,7,46.0,http://www.cian.ru/sale/flat/150531851/,14.0,5,0,14,50000000,50000000.0,2,0,75.0,1
395,0,0,53.6274480602,1,32.4,http://www.cian.ru/sale/flat/150588057/,,10,0,5,10500000,10500000.0,2,1,53.3,1
396,0,,193.56231169,5,,http://www.cian.ru/sale/flat/149582832/,,8,1,7,12888859,12888859.0,1,0,38.6,1
397,1,1,134.972837346,12,28.0,http://www.cian.ru/sale/flat/150957025/,,11,0,17,12900000,12900000.0,2,0,51.0,1
398,0,1,163.348457296,2,32.0,http://www.cian.ru/sale/flat/148747765/,,5,0,6,12900000,12900000.0,2,0,48.0,0
399,1,1,53.7369311122,2,23.0,http://www.cian.ru/sale/flat/150452675/,6.5,9,0,12,12900000,12900000.0,2,0,39.0,1
400,0,1,91.0888776727,3,39.5,http://www.cian.ru/sale/flat/150691440/,,12,0,12,12900000,12900000.0,3,1,58.3,1
401,0,1,156.366489857,4,44.2,http://www.cian.ru/sale/flat/150136193/,,,0,5,12900000,12900000.0,2,0,54.0,
402,1,1,62.0856142663,4,33.0,http://www.cian.ru/sale/flat/150896208/,,8,0,9,12900000,12900000.0,2,0,43.0,1
403,1,,171.217297592,4,25.0,http://www.cian.ru/sale/flat/149814138/,,15,0,12,12950000,12950000.0,2,0,45.0,0
404,1,0,157.470197442,8,32.0,http://www.cian.ru/sale/flat/138241556/,8.1,,0,17,12950000,12950000.0,2,1,53.5,
405,0,,118.154269636,10,20.0,http://www.cian.ru/sale/flat/150155058/,,6,1,12,13000000,13000000.0,1,0,26.0,1
406,1,,80.1512795387,6,29.0,http://www.cian.ru/sale/flat/150923969/,,6,0,12,13000000,13000000.0,2,0,40.0,1
407,0,1,176.644043022,11,39.0,http://www.cian.ru/sale/flat/47342072/,,3,0,12,13000000,13000000.0,2,1,58.6,1
408,1,1,111.537306127,5,19.0,http://www.cian.ru/sale/flat/148581229/,,5,0,12,13000000,13000000.0,1,1,36.7,1
409,0,,118.154269636,10,,http://www.cian.ru/sale/flat/150222285/,,3,1,12,13000000,13000000.0,1,0,26.0,1
410,1,0,7.43441063979,2,44.6,http://www.cian.ru/sale/flat/150867282/,,13,0,9,13000000,13000000.0,3,0,58.7,1
411,1,1,31.7470767949,5,43.0,http://www.cian.ru/sale/flat/150817627/,,4,0,5,13000000,13000000.0,3,0,57.0,1
412,0,,120.070871138,3,40.0,http://www.cian.ru/sale/flat/150975797/,,7,1,44,13000000,13000000.0,2,0,67.0,1
413,0,1,66.2124855308,2,34.0,http://www.cian.ru/sale/flat/149148659/,,9,0,6,13000000,13000000.0,2,1,55.0,1
414,1,0,114.528546837,2,34.0,http://www.cian.ru/sale/flat/148602389/,13.0,11,0,17,13000000,13000000.0,2,0,64.0,1
415,1,0,98.398460521,3,34.2,http://www.cian.ru/sale/flat/150193270/,12.0,5,0,16,13000000,13000000.0,2,1,64.5,1
416,0,,146.809711466,4,51.9,http://www.cian.ru/sale/flat/150614763/,,6,0,7,13000000,13000000.0,2,0,51.9,1
417,0,,146.809711466,4,52.0,http://www.cian.ru/sale/flat/150834553/,,5,0,7,13000000,13000000.0,2,0,52.0,1
418,0,1,16.6506690508,2,38.0,http://www.cian.ru/sale/flat/149955431/,,5,0,5,13000000,13000000.0,3,1,65.0,0
419,1,1,150.255982757,1,28.0,http://www.cian.ru/sale/flat/149825846/,10.8,5,0,16,13000000,13000000.0,2,1,56.0,1
420,1,,66.5500011697,8,26.0,http://www.cian.ru/sale/flat/151029741/,,7,0,12,13000000,13000000.0,2,1,41.0,1
421,1,,158.722392581,4,86.9,http://www.cian.ru/sale/flat/45071837/,16.0,10,0,7,94000000,94000000.0,3,0,138.0,1
422,1,,115.064561448,5,93.0,http://www.cian.ru/sale/flat/143084951/,26.0,5,0,9,71990000,71990000.0,5,0,165.3,1
423,1,0,234.371881988,7,74.0,http://www.cian.ru/sale/flat/150531865/,14.0,5,0,14,84800000,84800000.0,3,0,135.0,1
424,1,1,157.870851434,5,32.0,http://www.cian.ru/sale/flat/148462331/,9.8,5,0,9,13000000,13000000.0,2,1,60.0,0
425,0,,193.801545308,2,35.0,http://www.cian.ru/sale/flat/150946102/,11.0,5,0,9,13000000,13000000.0,2,1,63.0,1
426,0,,193.56231169,7,,http://www.cian.ru/sale/flat/150866577/,,8,1,7,13149940,13149940.0,1,0,38.0,1
427,1,1,210.213162363,5,33.0,http://www.cian.ru/sale/flat/150923231/,,4,0,9,13200000,13200000.0,2,0,58.0,1
428,0,1,239.999269609,2,30.0,http://www.cian.ru/sale/flat/150708195/,10.0,9,0,8,13200000,13200000.0,3,1,54.4,1
429,1,1,16.020651269,2,30.0,http://www.cian.ru/sale/flat/150963174/,,11,0,5,13200000,13200000.0,2,0,44.1,1
430,1,0,125.203423726,9,42.0,http://www.cian.ru/sale/flat/51514109/,,7,0,9,13300000,13300000.0,4,0,62.0,1
431,0,,149.347372596,2,35.6,http://www.cian.ru/sale/flat/138125472/,,5,1,9,13300000,13300000.0,1,0,43.4,1
432,1,0,93.600601398,14,32.2,http://www.cian.ru/sale/flat/149382777/,,5,0,17,13300000,13300000.0,2,1,53.5,1
433,1,1,91.4454973638,2,43.3,http://www.cian.ru/sale/flat/19468618/,10.2,6,0,12,13300000,13300000.0,3,0,64.3,1
434,1,1,19.7862266881,4,34.0,http://www.cian.ru/sale/flat/150233344/,,9,0,5,13399000,13399000.0,2,1,55.0,1
435,0,1,223.337867323,1,45.0,http://www.cian.ru/sale/flat/150814098/,,5,0,5,13400000,13400000.0,3,0,63.0,1
436,1,0,122.341527565,2,30.4,http://www.cian.ru/sale/flat/150163791/,10.0,12,0,17,13400000,13400000.0,2,1,51.0,1
437,1,1,159.858582854,5,56.0,http://www.cian.ru/sale/flat/147822175/,,15,0,5,13450000,13450000.0,3,1,75.0,1
438,1,0,154.532673659,13,21.0,http://www.cian.ru/sale/flat/150583760/,11.0,15,0,16,13490000,13490000.0,1,1,46.6,1
439,0,1,242.219759172,1,43.0,http://www.cian.ru/sale/flat/150798301/,,5,0,6,13500000,13500000.0,2,1,63.0,1
440,1,1,122.191045569,4,43.0,http://www.cian.ru/sale/flat/149249178/,10.0,10,0,6,13500000,13500000.0,2,0,63.8,1
441,0,1,199.041879402,2,52.0,http://www.cian.ru/sale/flat/150886618/,,1,0,8,13500000,13500000.0,2,1,70.5,1
442,1,1,5.6112103563,3,32.2,http://www.cian.ru/sale/flat/149545325/,,3,0,8,13500000,13500000.0,2,0,52.2,1
443,1,0,171.958889424,2,40.0,http://www.cian.ru/sale/flat/150585733/,,5,0,5,13500000,13500000.0,3,1,55.0,1
444,0,1,85.9314520194,1,18.6,http://www.cian.ru/sale/flat/150890065/,11.8,11,0,5,13500000,13500000.0,1,1,42.3,1
445,1,1,143.436169998,8,31.6,http://www.cian.ru/sale/flat/150442670/,9.6,15,0,22,13500000,13500000.0,2,0,58.5,1
446,0,1,15.5850733905,2,33.0,http://www.cian.ru/sale/flat/149632549/,11.0,7,0,7,13600000,13600000.0,2,1,53.1,1
447,0,1,143.242802304,1,43.0,http://www.cian.ru/sale/flat/149752695/,9.5,10,0,12,13600000,13600000.0,3,0,64.0,1
448,1,1,127.06581023,8,44.5,http://www.cian.ru/sale/flat/149900063/,11.0,3,0,12,13600000,13600000.0,3,1,65.4,1
449,0,1,78.0451544427,3,40.0,http://www.cian.ru/sale/flat/147464774/,11.0,11,0,9,38000000,38000000.0,2,1,66.3,1
450,1,1,71.2572520025,4,53.0,http://www.cian.ru/sale/flat/150980799/,21.0,5,0,6,52000000,52000000.0,3,0,114.0,1
451,0,1,36.9151188678,8,50.0,http://www.cian.ru/sale/flat/148847130/,22.3,10,0,23,45900000,45900000.0,4,0,102.0,1
452,0,,146.809711466,9,,http://www.cian.ru/sale/flat/142990748/,,5,0,10,13641600,13641600.0,1,0,39.2,1
453,0,1,82.9630795879,8,32.0,http://www.cian.ru/sale/flat/148314575/,,5,0,11,13700000,13700000.0,2,0,53.0,1
454,0,,155.575170516,4,54.8,http://www.cian.ru/sale/flat/149031372/,,6,1,,13748136,13748136.0,1,0,54.8,1
455,0,,191.879885976,4,,http://www.cian.ru/sale/flat/48913146/,,5,1,6,13750609,13750609.0,1,0,38.3,1
456,1,1,139.707245567,5,27.7,http://www.cian.ru/sale/flat/145349782/,,8,0,12,13800000,13800000.0,2,1,52.0,1
457,1,1,5.38679137524,4,37.0,http://www.cian.ru/sale/flat/149691936/,10.0,10,0,5,13800000,13800000.0,2,0,57.0,1
458,0,,191.879885976,7,,http://www.cian.ru/sale/flat/48903201/,,5,1,7,13802742,13802742.0,1,0,38.7,1
459,1,,46.5137030908,10,23.1,http://www.cian.ru/sale/flat/150372255/,7.3,3,0,12,13850000,13850000.0,2,0,43.0,1
460,0,,271.978113425,3,39.0,http://www.cian.ru/sale/flat/138400813/,,7,0,6,13900000,13900000.0,3,1,60.0,1
461,1,1,103.89800697,6,36.0,http://www.cian.ru/sale/flat/150241018/,,10,0,6,13900000,13900000.0,2,1,58.0,0
462,0,1,18.4463692824,2,54.3,http://www.cian.ru/sale/flat/149023004/,11.5,12,0,5,13900000,13900000.0,3,0,83.0,1
463,0,1,194.003516882,2,57.6,http://www.cian.ru/sale/flat/143796435/,,4,0,9,13900000,13900000.0,3,0,92.0,1
464,0,,191.879885976,7,,http://www.cian.ru/sale/flat/48893631/,,5,1,7,13906174,13906174.0,1,0,39.0,1
465,1,,157.557435063,5,35.5,http://www.cian.ru/sale/flat/151005796/,9.3,9,0,16,13950000,13950000.0,2,0,57.3,1
466,0,,155.575170516,3,40.0,http://www.cian.ru/sale/flat/151006051/,,6,1,4,13950579,13950579.0,2,0,79.2,1
467,0,,155.575170516,3,50.0,http://www.cian.ru/sale/flat/151006093/,,6,1,4,13950579,13950579.0,3,0,79.2,1
468,0,,155.575170516,3,30.0,http://www.cian.ru/sale/flat/151006013/,,6,1,4,13950579,13950579.0,1,0,79.2,1
469,0,,156.131441807,3,79.2,http://www.cian.ru/sale/flat/148800466/,,5,0,6,13950579,13950579.0,3,0,79.2,1
470,0,,155.575170516,3,79.2,http://www.cian.ru/sale/flat/149031341/,,6,1,,13950579,13950579.0,1,0,79.2,1
471,1,1,240.733577089,3,28.0,http://www.cian.ru/sale/flat/10917313/,10.0,8,0,8,,14022008.0,1,1,38.0,1
472,1,0,102.271941375,2,30.0,http://www.cian.ru/sale/flat/150984396/,,14,0,12,13990000,13990000.0,2,0,54.0,1
473,0,1,270.545605524,5,17.4,http://www.cian.ru/sale/flat/149630417/,,10,0,11,13999000,13999000.0,2,1,42.7,1
474,0,1,270.545605524,5,17.4,http://www.cian.ru/sale/flat/149630245/,,10,0,11,13999000,13999000.0,1,1,42.7,1
475,1,1,220.116914072,8,30.0,http://www.cian.ru/sale/flat/146260189/,,9,0,12,14000000,14000000.0,2,1,52.0,1
476,1,1,79.2062771024,5,38.0,http://www.cian.ru/sale/flat/150535122/,10.0,4,0,8,14000000,14000000.0,2,1,60.0,1
477,1,,122.51182629,3,148.0,http://www.cian.ru/sale/flat/150891092/,26.0,15,0,12,77800000,77800000.0,4,1,174.0,1
478,1,1,107.9323786,7,200.0,http://www.cian.ru/sale/flat/150852933/,25.0,8,0,11,,172088280.0,6,1,287.0,1
479,0,,254.844366709,11,40.0,http://www.cian.ru/sale/flat/150882493/,,12,1,14,36099975,36099975.0,2,0,75.0,1
480,1,0,151.603295198,9,29.0,http://www.cian.ru/sale/flat/149215009/,,10,0,12,14000000,14000000.0,2,1,53.0,1
481,0,1,74.3022412083,2,45.0,http://www.cian.ru/sale/flat/51302824/,,3,0,8,14000000,14000000.0,3,0,58.0,1
482,1,1,206.554261597,13,31.0,http://www.cian.ru/sale/flat/149695265/,,4,0,14,14000000,14000000.0,2,1,52.0,1
483,1,1,109.199124163,3,43.0,http://www.cian.ru/sale/flat/35555040/,10.0,5,0,5,14000000,14000000.0,2,1,56.0,1
484,1,0,43.5892673596,5,53.0,http://www.cian.ru/sale/flat/150722935/,,15,0,5,14100000,14100000.0,3,1,78.5,1
485,1,0,156.209790903,12,32.0,http://www.cian.ru/sale/flat/140421640/,8.5,11,0,12,14100000,14100000.0,2,1,54.0,1
486,1,1,230.30435543,4,32.0,http://www.cian.ru/sale/flat/38068102/,,5,0,9,14200000,14200000.0,2,1,45.0,1
487,0,1,241.519033088,1,37.6,http://www.cian.ru/sale/flat/37076788/,,4,0,8,14200000,14200000.0,3,1,55.0,1
488,0,,149.347372596,2,32.0,http://www.cian.ru/sale/flat/150848847/,,,0,10,14200000,14200000.0,1,0,41.0,
489,1,0,157.470197442,3,31.4,http://www.cian.ru/sale/flat/149714091/,,7,0,17,14200000,14200000.0,2,1,56.0,1
490,1,0,43.5892673596,5,52.2,http://www.cian.ru/sale/flat/151005153/,,15,0,5,14000000,14000000.0,3,0,78.5,1
491,1,,193.56231169,2,32.2,http://www.cian.ru/sale/flat/149725946/,5.1,8,1,11,14256211,14256211.0,2,0,48.2,1
492,1,1,140.620571461,19,28.0,http://www.cian.ru/sale/flat/150585722/,10.0,5,0,21,14300000,14300000.0,2,1,64.0,0
493,1,1,140.620571461,19,28.4,http://www.cian.ru/sale/flat/149480768/,,15,0,21,14300000,14300000.0,2,1,63.7,0
494,1,0,161.044420673,3,32.0,http://www.cian.ru/sale/flat/150950310/,,10,0,16,14300000,14300000.0,2,1,54.0,1
495,1,,193.56231169,2,19.5,http://www.cian.ru/sale/flat/149726250/,,8,1,10,14387994,14387994.0,1,0,38.0,1
496,1,,80.1512795387,4,30.0,http://www.cian.ru/sale/flat/148784579/,10.0,6,0,14,14400000,14400000.0,2,0,50.0,1
497,1,,144.233161829,2,26.8,http://www.cian.ru/sale/flat/48915251/,12.1,10,1,19,14400000,14400000.0,2,0,57.6,1
498,1,0,154.532673659,14,20.6,http://www.cian.ru/sale/flat/150245832/,10.8,14,0,16,14400000,14400000.0,1,1,48.6,1
499,1,,116.128314722,3,37.0,http://www.cian.ru/sale/flat/150915504/,,8,0,6,14450000,14450000.0,2,0,48.9,1
500,0,1,240.425547408,1,48.0,http://www.cian.ru/sale/flat/149898239/,6.5,5,0,6,14450000,14450000.0,3,0,64.0,1
501,0,1,240.425547408,1,48.0,http://www.cian.ru/sale/flat/148833217/,6.5,5,0,6,14450000,14450000.0,4,0,64.0,1
502,0,1,33.8749561562,1,52.3,http://www.cian.ru/sale/flat/149533392/,7.3,10,0,6,14490000,14490000.0,3,1,71.2,1
503,1,,80.1903300359,5,30.0,http://www.cian.ru/sale/flat/150427925/,,6,0,14,14499000,14499000.0,2,0,53.0,1
504,1,,198.131444234,4,28.0,http://www.cian.ru/sale/flat/50960583/,11.0,2,0,5,14500000,14500000.0,1,1,66.0,1
505,1,,85.1737006417,7,35.0,http://www.cian.ru/sale/flat/150709123/,9.5,6,0,14,14500000,14500000.0,2,0,56.0,1
506,1,1,71.2572520025,4,53.0,http://www.cian.ru/sale/flat/150980799/,21.0,5,0,6,52000000,52000000.0,3,0,114.0,1
507,0,,91.716834678,3,,http://www.cian.ru/sale/flat/151024595/,,9,1,7,35399000,35399000.0,2,0,73.8,1
508,0,1,176.644043022,10,59.0,http://www.cian.ru/sale/flat/150208898/,,4,0,12,14500000,14500000.0,3,0,59.0,1
509,1,,1.35428584228,5,29.0,http://www.cian.ru/sale/flat/150989262/,18.0,4,0,5,14500000,14500000.0,2,1,56.5,1
510,1,1,201.231930699,3,26.0,http://www.cian.ru/sale/flat/150649035/,,10,0,8,14500000,14500000.0,2,0,43.0,1
511,1,1,140.620571461,5,32.0,http://www.cian.ru/sale/flat/150828482/,,15,0,21,14500000,14500000.0,2,0,53.0,1
512,1,1,69.5163187619,2,32.2,http://www.cian.ru/sale/flat/46443364/,7.2,5,0,10,14500000,14500000.0,2,1,50.5,1
513,0,,84.150384047,2,34.6,http://www.cian.ru/sale/flat/148648791/,9.1,5,0,10,14500000,14500000.0,2,0,55.9,0
514,1,,149.347372596,8,42.7,http://www.cian.ru/sale/flat/150046301/,,7,0,10,14518000,14518000.0,1,0,42.7,1
515,0,,146.809711466,8,42.7,http://www.cian.ru/sale/flat/46757132/,,3,0,10,14518000,14518000.0,1,0,42.7,1
516,1,,107.309393683,2,24.8,http://www.cian.ru/sale/flat/148349514/,8.5,9,1,13,14558000,14558000.0,2,0,50.2,1
517,0,,191.879885976,7,,http://www.cian.ru/sale/flat/48910541/,,5,1,7,14596125,14596125.0,1,0,38.1,1
518,1,,193.56231169,3,28.0,http://www.cian.ru/sale/flat/149008335/,10.0,8,1,7,14615199,14615199.0,1,0,35.9,1
519,0,,94.4714951946,3,,http://www.cian.ru/sale/flat/148158447/,,7,0,8,14630000,14630000.0,1,0,38.0,1
520,0,,44.6186272512,5,,http://www.cian.ru/sale/flat/150222130/,,13,0,21,14661025,14661025.0,2,1,45.7,1
521,0,1,21.6901935595,2,45.0,http://www.cian.ru/sale/flat/149902160/,12.0,5,0,6,14700000,14700000.0,3,1,65.0,1
522,0,1,120.016108969,1,36.0,http://www.cian.ru/sale/flat/150646235/,7.5,3,0,5,14700000,14700000.0,3,1,65.0,1
523,1,1,103.97014221,2,42.4,http://www.cian.ru/sale/flat/150291649/,15.4,11,0,4,14700000,14700000.0,2,0,77.8,1
524,0,0,19.8005005947,6,20.0,http://www.cian.ru/sale/flat/149953398/,10.0,7,0,24,14700000,14700000.0,1,0,37.0,1
525,0,1,21.6901935595,2,36.0,http://www.cian.ru/sale/flat/149902072/,23.0,5,0,6,14700000,14700000.0,2,1,65.0,1
526,0,1,157.392899141,1,34.0,http://www.cian.ru/sale/flat/147651364/,,5,0,5,14700000,14700000.0,2,0,65.0,1
527,0,,149.347372596,9,,http://www.cian.ru/sale/flat/149808775/,,5,0,10,14723200,14723200.0,1,0,43.0,1
528,1,,76.5120553752,5,30.0,http://www.cian.ru/sale/flat/150667151/,10.0,5,0,11,14790000,14790000.0,2,0,51.0,0
529,1,,80.1512795387,3,29.6,http://www.cian.ru/sale/flat/150098520/,8.6,5,0,9,14800000,14800000.0,2,0,52.0,0
530,1,1,4.63941629724,6,30.0,http://www.cian.ru/sale/flat/150218761/,15.0,10,0,20,14800000,14800000.0,1,1,50.0,1
531,1,1,4.63941629724,6,30.0,http://www.cian.ru/sale/flat/138033588/,15.0,10,0,22,14800000,14800000.0,1,1,50.0,1
532,1,,144.233161829,2,28.8,http://www.cian.ru/sale/flat/48914731/,12.1,10,1,19,14835200,14835200.0,2,0,60.8,1
533,1,1,248.733123487,9,120.0,http://www.cian.ru/sale/flat/149783976/,20.0,7,0,11,,134866222.4,3,0,147.0,1
534,1,,158.722392581,3,95.5,http://www.cian.ru/sale/flat/148934253/,18.0,10,0,7,116740000,116740000.0,4,1,179.6,1
535,1,1,115.790886771,3,146.5,http://www.cian.ru/sale/flat/146453654/,19.0,12,0,3,119900000,119900000.0,4,1,227.5,1
536,0,1,11.3432940821,3,42.2,http://www.cian.ru/sale/flat/150555676/,8.5,12,0,5,14850000,14850000.0,3,0,67.6,1
537,1,1,171.406469506,6,23.0,http://www.cian.ru/sale/flat/147398692/,,5,0,6,14900000,14900000.0,2,0,42.0,1
538,0,1,306.896957195,2,20.0,http://www.cian.ru/sale/flat/150438823/,10.0,15,0,11,14900000,14900000.0,1,0,44.0,1
539,1,1,262.061449238,8,36.8,http://www.cian.ru/sale/flat/150988717/,8.9,7,0,9,14900000,14900000.0,2,1,60.0,1
540,1,,193.56231169,2,32.2,http://www.cian.ru/sale/flat/149726176/,5.1,8,1,11,14968983,14968983.0,2,0,48.2,1
541,1,1,11.9740717829,7,33.0,http://www.cian.ru/sale/flat/150164670/,10.0,10,0,7,14990000,14990000.0,2,0,57.5,1
542,0,1,82.9936547013,12,34.0,http://www.cian.ru/sale/flat/150638601/,,1,0,12,15000000,15000000.0,2,0,55.0,1
543,0,1,157.508846492,2,31.0,http://www.cian.ru/sale/flat/150638528/,12.0,5,0,13,15000000,15000000.0,2,0,53.0,1
544,1,1,21.9597634889,3,52.0,http://www.cian.ru/sale/flat/150424917/,,10,0,5,15000000,15000000.0,4,0,72.0,1
545,1,1,181.294510642,6,26.1,http://www.cian.ru/sale/flat/151006904/,,5,0,15,15000000,15000000.0,2,1,50.0,1
546,1,1,181.294510642,6,26.1,http://www.cian.ru/sale/flat/150685347/,,10,0,15,15000000,15000000.0,2,1,50.0,1
547,0,0,20.8270196462,4,34.0,http://www.cian.ru/sale/flat/148282836/,,9,0,24,15000000,15000000.0,2,1,52.0,1
548,1,1,111.138469621,3,33.0,http://www.cian.ru/sale/flat/150431375/,15.0,14,0,9,15000000,15000000.0,1,0,48.0,1
549,1,0,21.4845284948,4,46.0,http://www.cian.ru/sale/flat/149371715/,,3,0,5,15000000,15000000.0,3,0,66.2,1
550,1,1,182.996505768,1,19.6,http://www.cian.ru/sale/flat/150693231/,10.7,3,0,12,15000000,15000000.0,1,1,46.4,1
551,1,,108.010570826,4,38.3,http://www.cian.ru/sale/flat/150316453/,,11,0,5,15000000,15000000.0,2,1,64.0,1
552,1,1,250.229590424,11,30.7,http://www.cian.ru/sale/flat/150779927/,,9,0,12,15000000,15000000.0,2,1,51.1,1
553,0,,146.809711466,7,38.0,http://www.cian.ru/sale/flat/51580289/,,6,1,10,15100000,15100000.0,2,0,52.0,1
554,0,,155.575170516,2,50.0,http://www.cian.ru/sale/flat/151006137/,,6,1,8,15125860,15125860.0,3,0,85.3,1
555,1,1,130.000535779,3,48.0,http://www.cian.ru/sale/flat/147848235/,,2,0,5,15200000,15200000.0,3,1,70.0,1
556,1,1,46.9722930183,1,18.0,http://www.cian.ru/sale/flat/149351101/,12.5,8,0,9,15200000,15200000.0,1,0,50.0,1
557,0,,91.1113686,2,20.0,http://www.cian.ru/sale/flat/150882491/,,8,1,9,15200000,15200000.0,1,0,38.0,1
558,1,,260.907730569,5,48.0,http://www.cian.ru/sale/flat/150791335/,,8,0,6,15200000,15200000.0,3,1,67.0,1
559,0,,155.575170516,7,,http://www.cian.ru/sale/flat/149582986/,,9,1,9,15234950,15234950.0,2,0,52.2,1
560,0,1,11.3432940821,3,51.0,http://www.cian.ru/sale/flat/150977808/,10.0,5,0,5,15300000,15300000.0,3,1,77.0,1
561,0,1,38.3417925786,3,59.2,http://www.cian.ru/sale/flat/150284181/,14.0,8,0,6,35850000,35850000.0,3,0,85.0,1
562,1,,144.233161829,2,15.4,http://www.cian.ru/sale/flat/48893946/,15.6,10,1,19,11118000,11118000.0,1,0,43.6,1
563,0,,166.048642339,3,64.0,http://www.cian.ru/sale/flat/150414450/,16.0,9,0,5,96000000,96000000.0,3,0,111.0,1
564,0,1,96.4298334725,3,30.0,http://www.cian.ru/sale/flat/150638611/,,4,0,8,15400000,15400000.0,2,0,46.0,1
565,1,,87.824771885,2,46.0,http://www.cian.ru/sale/flat/148676122/,6.4,6,0,5,15400000,15400000.0,3,1,64.0,1
566,0,1,197.906698937,4,38.1,http://www.cian.ru/sale/flat/150828447/,,5,0,7,15400000,15400000.0,2,1,54.1,1
567,1,1,96.4298334725,3,30.0,http://www.cian.ru/sale/flat/150958688/,,6,0,8,15400000,15400000.0,2,1,46.0,1
568,0,,6.36601309949,7,31.7,http://www.cian.ru/sale/flat/39495635/,7.4,3,0,8,15500000,15500000.0,2,1,50.2,1
569,0,1,236.205102889,4,38.2,http://www.cian.ru/sale/flat/150976598/,8.5,5,0,6,15500000,15500000.0,2,0,56.0,1
570,0,1,90.6347378965,1,37.0,http://www.cian.ru/sale/flat/148695984/,10.1,4,0,3,15500000,15500000.0,3,1,60.1,1
571,1,1,233.355071304,7,37.0,http://www.cian.ru/sale/flat/150920663/,,5,0,8,15500000,15500000.0,2,1,55.0,1
572,1,1,87.5095272857,6,40.0,http://www.cian.ru/sale/flat/149670494/,,10,0,9,15500000,15500000.0,2,0,50.0,1
573,1,,76.5120553752,10,30.0,http://www.cian.ru/sale/flat/149311911/,10.0,5,0,11,15500000,15500000.0,2,0,51.0,0
574,0,1,56.3892832291,2,30.0,http://www.cian.ru/sale/flat/150325266/,,3,0,12,15500000,15500000.0,1,0,37.0,1
575,1,1,55.9601633142,8,30.0,http://www.cian.ru/sale/flat/150992280/,,6,0,9,15500000,15500000.0,1,0,38.0,1
576,0,1,56.3892832291,2,27.0,http://www.cian.ru/sale/flat/31159354/,,4,0,10,15500000,15500000.0,2,1,37.0,1
577,0,1,205.883327281,2,39.0,http://www.cian.ru/sale/flat/150645880/,12.0,5,0,7,15500000,15500000.0,3,1,68.0,1
578,0,,191.879885976,7,,http://www.cian.ru/sale/flat/150110842/,,5,1,7,15512784,15512784.0,1,0,38.0,1
579,0,,193.56231169,2,,http://www.cian.ru/sale/flat/150866578/,,8,1,7,15558049,15558049.0,1,0,45.6,1
580,0,1,164.382993953,7,42.0,http://www.cian.ru/sale/flat/150638339/,,5,0,9,,15615418.0,2,0,55.0,1
581,0,,188.205887375,3,31.9,http://www.cian.ru/sale/flat/149011453/,,5,1,7,15638200,15638200.0,1,0,38.9,1
582,1,0,118.888353895,9,30.0,http://www.cian.ru/sale/flat/149257031/,,10,0,17,15650000,15650000.0,2,0,45.0,0
583,0,,91.1113686,3,32.1,http://www.cian.ru/sale/flat/142254435/,,10,1,8,15680000,15680000.0,1,0,39.2,1
584,0,0,125.086051264,5,34.0,http://www.cian.ru/sale/flat/149821406/,,7,0,17,13900000,13900000.0,1,0,42.8,1
585,0,,101.795087377,4,43.0,http://www.cian.ru/sale/flat/50398441/,7.7,6,0,8,15700000,15700000.0,3,1,65.0,1
586,1,,144.233161829,2,32.7,http://www.cian.ru/sale/flat/48914756/,14.5,10,1,19,15727500,15727500.0,2,0,67.5,1
587,1,1,73.4667821214,8,35.0,http://www.cian.ru/sale/flat/138045341/,,5,0,8,15750000,15750000.0,2,1,57.0,1
588,1,,80.1903300359,5,38.0,http://www.cian.ru/sale/flat/150302080/,,6,0,14,15750000,15750000.0,2,0,56.5,0
589,0,,85.1737006417,2,55.5,http://www.cian.ru/sale/flat/150644125/,30.0,6,0,12,30850000,30850000.0,4,0,115.0,1
590,1,,115.064561448,5,93.0,http://www.cian.ru/sale/flat/143084951/,26.0,5,0,9,71990000,71990000.0,5,0,165.3,1
591,0,1,31.669136164,2,94.0,http://www.cian.ru/sale/flat/150601865/,12.0,10,0,7,55000000,55000000.0,5,1,145.0,1
592,0,,151.007961834,2,58.1,http://www.cian.ru/sale/flat/149542737/,,7,0,5,15752100,15752100.0,2,0,58.1,1
593,0,,149.347372596,2,41.3,http://www.cian.ru/sale/flat/138125473/,,5,1,9,15752100,15752100.0,2,0,58.1,1
594,1,,149.269045734,2,45.0,http://www.cian.ru/sale/flat/139174529/,,7,0,5,15752100,15752100.0,2,0,58.1,1
595,1,,107.309393683,4,,http://www.cian.ru/sale/flat/151000907/,,9,1,13,15777174,15777174.0,1,0,51.7,1
596,1,1,108.448452022,2,32.5,http://www.cian.ru/sale/flat/150379764/,,7,0,7,15800000,15800000.0,2,1,50.6,1
597,0,,193.56231169,3,,http://www.cian.ru/sale/flat/148633478/,,8,1,7,15839192,15839192.0,1,0,39.4,1
598,1,0,118.106283628,7,39.0,http://www.cian.ru/sale/flat/150585762/,,10,0,12,15850000,15850000.0,3,0,64.0,1
599,1,1,201.895374004,2,38.5,http://www.cian.ru/sale/flat/150969134/,,9,0,9,15900000,15900000.0,2,1,52.2,1
600,1,1,34.1165956964,5,64.0,http://www.cian.ru/sale/flat/150958347/,,5,0,14,15900000,15900000.0,3,1,68.0,0
601,0,,188.205887375,5,37.6,http://www.cian.ru/sale/flat/149011460/,,5,1,7,15937100,15937100.0,1,0,45.8,1
602,1,,107.309393683,2,17.9,http://www.cian.ru/sale/flat/149442049/,12.8,9,1,13,15941441,15941441.0,1,0,50.2,1
603,0,,193.56231169,2,,http://www.cian.ru/sale/flat/149582829/,,8,1,7,15992190,15992190.0,1,0,42.1,1
604,0,,191.879885976,2,,http://www.cian.ru/sale/flat/48895401/,,5,1,7,15992191,15992191.0,1,0,42.1,1
605,0,,191.879885976,3,,http://www.cian.ru/sale/flat/48893541/,,5,1,6,15993401,15993401.0,1,0,45.5,1
606,0,1,168.127065201,6,20.0,http://www.cian.ru/sale/flat/150638343/,,3,0,16,16000000,16000000.0,1,0,35.0,1
607,1,,92.8148153675,5,28.0,http://www.cian.ru/sale/flat/150739487/,12.0,15,0,8,16000000,16000000.0,2,0,45.0,1
608,1,,94.4714951946,5,20.0,http://www.cian.ru/sale/flat/150609086/,10.0,12,0,8,16000000,16000000.0,2,1,40.0,1
609,0,0,143.04287315,2,45.5,http://www.cian.ru/sale/flat/150368048/,10.3,14,0,17,16000000,16000000.0,3,1,72.0,1
610,1,0,163.073610065,16,47.0,http://www.cian.ru/sale/flat/149354777/,,5,0,17,16000000,16000000.0,3,0,69.0,1
611,1,,80.1903300359,5,34.3,http://www.cian.ru/sale/flat/150945582/,9.2,6,0,12,16100000,16100000.0,2,0,58.1,1
612,0,,66.9871193363,4,,http://www.cian.ru/sale/flat/150486352/,,13,1,5,16110000,16110000.0,2,0,35.8,1
613,0,,191.879885976,4,,http://www.cian.ru/sale/flat/48912781/,,5,1,7,16123224,16123224.0,1,0,39.3,1
614,1,,106.836814977,11,20.4,http://www.cian.ru/sale/flat/148269772/,11.7,5,1,13,16130979,16130979.0,1,0,50.3,1
615,1,,107.03049597,5,,http://www.cian.ru/sale/flat/151000902/,,9,1,13,16154143,16154143.0,1,0,51.9,1
616,0,1,266.06179634,13,29.0,http://www.cian.ru/sale/flat/151005897/,,5,0,14,16200000,16200000.0,2,0,51.0,1
617,0,,85.1737006417,2,43.0,http://www.cian.ru/sale/flat/150300156/,9.8,4,0,14,19500000,19500000.0,3,0,71.0,1
618,0,,180.894667781,2,,http://www.cian.ru/sale/flat/149724124/,,7,1,7,99450000,99450000.0,4,0,153.0,1
619,1,1,265.515677266,9,101.7,http://www.cian.ru/sale/flat/149027343/,13.3,5,0,10,64000000,64000000.0,4,1,150.0,1
620,0,1,85.454925137,2,52.0,http://www.cian.ru/sale/flat/150545571/,10.0,8,0,5,16200000,16200000.0,3,1,86.0,1
621,0,1,246.315860927,5,43.5,http://www.cian.ru/sale/flat/150438545/,,2,0,6,16200000,16200000.0,3,0,65.0,1
622,0,1,41.6944272678,5,48.0,http://www.cian.ru/sale/flat/150926393/,6.2,3,0,8,16300000,16300000.0,3,1,60.0,1
623,0,1,82.3266782471,6,18.1,http://www.cian.ru/sale/flat/148174461/,,5,0,7,16300000,16300000.0,1,0,36.4,1
624,0,1,51.6537924214,2,54.0,http://www.cian.ru/sale/flat/150785130/,,5,0,6,16300000,16300000.0,3,1,75.0,1
625,0,1,115.103669187,1,60.0,http://www.cian.ru/sale/flat/151001062/,,10,0,6,16300000,16300000.0,4,1,94.0,1
626,1,1,152.568955255,5,32.0,http://www.cian.ru/sale/flat/150391930/,11.2,7,0,13,16400000,16400000.0,2,1,53.1,1
627,0,,191.879885976,3,,http://www.cian.ru/sale/flat/48903541/,,5,1,7,16459369,16459369.0,1,0,42.0,1
628,0,,193.56231169,2,,http://www.cian.ru/sale/flat/150866579/,,8,1,7,16465925,16465925.0,2,0,48.2,1
629,1,1,135.902375085,4,44.0,http://www.cian.ru/sale/flat/151034742/,,8,0,7,16500000,16500000.0,3,0,60.0,1
630,0,1,56.3892832291,8,32.4,http://www.cian.ru/sale/flat/150743464/,,4,0,10,16500000,16500000.0,1,1,47.6,1
631,0,1,266.082731452,3,51.0,http://www.cian.ru/sale/flat/150168440/,10.0,3,0,12,16500000,16500000.0,3,0,70.0,1
632,0,1,266.082731452,3,51.0,http://www.cian.ru/sale/flat/150168437/,10.0,3,0,12,16500000,16500000.0,3,0,70.0,1
633,1,1,144.311472354,5,75.0,http://www.cian.ru/sale/flat/136715905/,7.6,9,0,5,16500000,16500000.0,4,1,105.0,1
634,0,1,266.082731452,3,51.0,http://www.cian.ru/sale/flat/150163195/,10.0,3,0,12,16500000,16500000.0,3,0,70.0,1
635,0,1,56.3892832291,2,36.0,http://www.cian.ru/sale/flat/150325273/,,3,0,9,16500000,16500000.0,1,0,42.0,1
636,0,1,252.520141554,3,37.4,http://www.cian.ru/sale/flat/150880086/,12.0,5,0,8,16500000,16500000.0,2,1,62.2,1
637,1,,223.084174282,6,20.0,http://www.cian.ru/sale/flat/148581136/,,8,0,9,16500000,16500000.0,1,1,37.0,1
638,1,1,102.125982226,14,25.0,http://www.cian.ru/sale/flat/150926368/,,3,0,17,16500000,16500000.0,2,1,40.0,1
639,1,1,266.082731452,3,48.0,http://www.cian.ru/sale/flat/150600765/,,5,0,12,16500000,16500000.0,3,1,70.0,1
640,1,1,266.082731452,3,50.0,http://www.cian.ru/sale/flat/150111695/,12.0,4,0,12,16500000,16500000.0,3,1,70.0,1
641,1,1,131.598991548,8,55.8,http://www.cian.ru/sale/flat/150832289/,9.2,14,0,8,16500000,16500000.0,3,0,84.2,1
642,1,,80.1903300359,14,33.3,http://www.cian.ru/sale/flat/150464161/,10.0,6,0,14,16500000,16500000.0,2,0,60.0,1
643,1,1,226.598529609,8,24.0,http://www.cian.ru/sale/flat/43614155/,16.0,10,0,12,16500000,16500000.0,2,1,40.0,1
644,0,,1.01961334838,1,52.0,http://www.cian.ru/sale/flat/150896777/,,3,0,8,16500000,16500000.0,2,1,80.0,1
645,0,,260.715390974,3,86.2,http://www.cian.ru/sale/flat/149444635/,18.0,7,0,12,64865000,64865000.0,4,0,154.0,1
646,0,,260.715390974,6,45.0,http://www.cian.ru/sale/flat/149818595/,37.4,9,0,11,85000000,85000000.0,3,1,114.1,1
647,0,1,248.733123487,9,,http://www.cian.ru/sale/flat/147850458/,,7,0,12,,194396020.0,4,1,170.0,1
648,1,1,98.3948474922,3,37.0,http://www.cian.ru/sale/flat/149734190/,8.8,12,0,6,16500000,16500000.0,2,1,61.0,1
649,1,,76.5120553752,9,30.0,http://www.cian.ru/sale/flat/150255300/,10.0,5,0,10,16500000,16500000.0,2,0,55.0,1
650,0,,149.347372596,2,,http://www.cian.ru/sale/flat/149782810/,,5,0,5,16550900,16550900.0,2,0,59.3,1
651,0,,151.007961834,2,59.3,http://www.cian.ru/sale/flat/148194793/,,7,0,5,16550900,16550900.0,2,0,59.3,1
652,1,,107.309393683,11,20.4,http://www.cian.ru/sale/flat/144137713/,11.7,10,1,13,16586277,16586277.0,1,0,51.8,1
653,0,,91.1113686,5,34.0,http://www.cian.ru/sale/flat/142254437/,,10,1,8,16600000,16600000.0,1,0,41.5,1
654,1,,107.309393683,11,,http://www.cian.ru/sale/flat/151000910/,,9,1,13,16611278,16611278.0,1,0,51.8,1
655,1,1,175.056312573,5,28.0,http://www.cian.ru/sale/flat/149041463/,,7,0,13,16750000,16750000.0,2,1,46.0,1
656,0,1,175.056312573,5,28.0,http://www.cian.ru/sale/flat/149041370/,,10,0,13,16799000,16799000.0,2,1,46.0,1
657,1,1,175.056312573,5,27.0,http://www.cian.ru/sale/flat/149041603/,,15,0,13,16799000,16799000.0,2,1,46.0,1
658,1,1,131.281700142,5,32.0,http://www.cian.ru/sale/flat/150953665/,,10,0,8,16800000,16800000.0,2,1,53.6,1
659,0,,80.1512795387,2,35.0,http://www.cian.ru/sale/flat/150149871/,10.0,5,0,14,16800000,16800000.0,2,0,56.0,1
660,0,0,21.853493105,18,35.0,http://www.cian.ru/sale/flat/142079333/,,10,0,22,16800000,16800000.0,2,1,52.0,1
661,1,1,211.281726045,10,55.7,http://www.cian.ru/sale/flat/149752700/,11.0,5,0,10,16800000,16800000.0,3,1,84.0,1
662,1,1,181.294510642,4,29.0,http://www.cian.ru/sale/flat/150345413/,,5,0,14,16800000,16800000.0,2,1,52.0,1
663,0,,153.271873414,2,58.6,http://www.cian.ru/sale/flat/149542736/,,7,0,5,16824060,16824060.0,1,0,58.6,1
664,0,,91.1113686,2,34.5,http://www.cian.ru/sale/flat/142254438/,,10,1,8,16840000,16840000.0,1,0,42.1,1
665,1,1,102.125982226,14,23.0,http://www.cian.ru/sale/flat/150281834/,,5,0,17,16899000,16899000.0,2,0,40.0,1
666,1,1,65.8166639811,4,27.0,http://www.cian.ru/sale/flat/150356391/,,10,0,8,16900000,16900000.0,2,1,41.0,1
667,0,1,88.3845448586,3,48.1,http://www.cian.ru/sale/flat/47470009/,8.7,7,0,5,16900000,16900000.0,3,1,71.5,1
668,1,1,175.056312573,5,28.0,http://www.cian.ru/sale/flat/150958778/,,7,0,13,16900000,16900000.0,2,0,46.0,1
669,1,1,173.333858767,4,20.0,http://www.cian.ru/sale/flat/148282356/,16.0,15,0,9,16900000,16900000.0,2,1,40.0,1
670,0,,91.1113686,5,30.0,http://www.cian.ru/sale/flat/150882490/,,8,1,9,16920000,16920000.0,1,0,42.3,1
671,0,,149.347372596,3,,http://www.cian.ru/sale/flat/149782811/,,5,0,5,16945600,16945600.0,2,0,68.0,1
672,0,,149.347372596,3,,http://www.cian.ru/sale/flat/149782795/,,5,0,5,16945600,16945600.0,3,0,68.0,1
673,0,,211.681587124,5,81.0,http://www.cian.ru/sale/flat/149594111/,15.0,15,0,10,52464643,52464643.0,5,1,146.3,0
674,0,,262.238673834,1,,http://www.cian.ru/sale/flat/151024547/,,8,1,7,,297687229.84,6,0,386.0,1
675,1,,80.1512795387,2,35.0,http://www.cian.ru/sale/flat/150753243/,9.5,6,0,14,15100000,15100000.0,2,0,58.0,1
676,0,1,6.13419045977,1,43.0,http://www.cian.ru/sale/flat/149392347/,,7,0,7,16950000,16950000.0,2,0,58.0,1
677,0,1,233.979028923,1,36.0,http://www.cian.ru/sale/flat/150638525/,,7,0,6,17000000,17000000.0,2,0,58.0,1
678,1,1,151.904035074,5,31.0,http://www.cian.ru/sale/flat/148562206/,10.0,9,0,5,17000000,17000000.0,2,1,52.0,1
679,0,1,2.82557455126,2,44.5,http://www.cian.ru/sale/flat/50273863/,10.0,2,0,7,17000000,17000000.0,3,1,65.0,1
680,1,1,86.8865453938,5,45.0,http://www.cian.ru/sale/flat/150300672/,,6,0,5,17000000,17000000.0,3,1,66.0,1
681,1,0,160.484622128,8,33.0,http://www.cian.ru/sale/flat/148877976/,,7,0,9,17000000,17000000.0,2,1,55.0,1
682,0,1,57.1851262863,3,30.0,http://www.cian.ru/sale/flat/149813334/,,5,0,5,17000000,17000000.0,2,1,50.0,1
683,1,,107.309393683,3,50.3,http://www.cian.ru/sale/flat/150768582/,11.7,5,1,13,17010505,17010505.0,1,0,50.3,0
684,1,,107.309393683,3,20.4,http://www.cian.ru/sale/flat/148349523/,11.7,9,1,13,17035505,17035505.0,1,0,50.3,1
685,0,,191.879885976,6,,http://www.cian.ru/sale/flat/150110827/,,5,1,7,17075972,17075972.0,1,0,39.4,1
686,0,,191.879885976,6,,http://www.cian.ru/sale/flat/150110830/,,5,1,7,17106349,17106349.0,1,0,39.4,1
687,0,,120.070871138,4,50.0,http://www.cian.ru/sale/flat/150975905/,,7,1,44,17139500,17139500.0,3,0,84.0,1
688,0,1,267.423188182,1,52.0,http://www.cian.ru/sale/flat/150819919/,,5,0,8,17200000,17200000.0,3,1,80.0,1
689,0,1,267.423188182,1,52.0,http://www.cian.ru/sale/flat/149594058/,,1,0,8,17200000,17200000.0,3,1,80.0,1
690,1,0,81.8539408997,4,10.0,http://www.cian.ru/sale/flat/149608159/,32.0,4,0,17,17200000,17200000.0,2,1,55.0,1
691,1,0,92.4162916669,16,49.0,http://www.cian.ru/sale/flat/150461871/,7.5,14,0,16,17200000,17200000.0,3,1,76.0,1
692,0,,94.4714951946,5,,http://www.cian.ru/sale/flat/148158445/,,7,0,8,17248000,17248000.0,1,0,44.8,1
693,1,,107.309393683,5,20.4,http://www.cian.ru/sale/flat/149442374/,11.7,9,1,13,17359254,17359254.0,1,0,50.2,1
694,0,,94.4714951946,6,34.0,http://www.cian.ru/sale/flat/149670358/,,12,0,8,17360000,17360000.0,1,0,43.4,1
695,0,,91.1113686,3,35.6,http://www.cian.ru/sale/flat/142254439/,,10,1,8,17360000,17360000.0,1,0,43.4,1
696,0,,56.1942277542,6,30.5,http://www.cian.ru/sale/flat/144021578/,,5,0,6,17385000,17385000.0,1,0,30.5,1
697,0,,56.1942277542,6,30.5,http://www.cian.ru/sale/flat/51100663/,,2,0,6,17385000,17385000.0,1,0,30.5,1
698,1,,56.1942277542,6,41.0,http://www.cian.ru/sale/flat/149772475/,,4,0,6,17385000,17385000.0,1,0,41.0,1
699,0,,56.1942277542,6,20.0,http://www.cian.ru/sale/flat/147072046/,10.0,4,1,6,17385000,17385000.0,1,0,30.5,1
700,0,,56.1942277542,6,,http://www.cian.ru/sale/flat/150335936/,,4,0,6,17385000,17385000.0,1,1,31.0,1
701,0,1,118.299867906,3,138.0,http://www.cian.ru/sale/flat/149443263/,,7,0,4,,265143424.0,4,1,172.8,1
702,0,,49.0017093439,4,89.0,http://www.cian.ru/sale/flat/51320494/,18.0,8,0,18,64390950,64390950.0,3,0,158.9,1
703,1,1,154.494019452,6,88.0,http://www.cian.ru/sale/flat/28325146/,,3,0,10,199000000,199000000.0,3,0,155.0,1
704,0,,56.1942277542,6,25.5,http://www.cian.ru/sale/flat/150832520/,15.0,4,0,6,17385000,17385000.0,2,0,40.5,1
705,0,,56.1942277542,6,17.0,http://www.cian.ru/sale/flat/150121374/,,4,0,6,17385000,17385000.0,1,0,30.5,1
706,0,,56.1942277542,6,,http://www.cian.ru/sale/flat/148232270/,,4,0,6,17385000,17385000.0,1,0,30.5,1
707,1,,154.658526008,7,44.0,http://www.cian.ru/sale/flat/136694481/,10.0,5,0,12,17400000,17400000.0,3,1,68.0,1
708,0,,155.575170516,9,,http://www.cian.ru/sale/flat/149582987/,,9,1,9,,17466960.42,1,0,37.8,1
709,1,,106.836814977,13,19.1,http://www.cian.ru/sale/flat/148269246/,13.1,5,1,13,17443555,17443555.0,1,0,50.5,1
710,0,1,151.393734065,10,44.0,http://www.cian.ru/sale/flat/149840531/,,7,0,10,17450000,17450000.0,2,1,50.0,1
711,0,1,188.946911034,5,36.0,http://www.cian.ru/sale/flat/150969775/,,10,0,5,17450000,17450000.0,2,1,60.0,1
712,0,,149.347372596,2,,http://www.cian.ru/sale/flat/149782803/,,5,0,5,17472210,17472210.0,2,0,61.0,1
713,0,,49.3371033479,11,,http://www.cian.ru/sale/flat/150221863/,,13,1,21,17491610,17491610.0,1,0,45.7,1
714,1,1,91.4454973638,8,30.0,http://www.cian.ru/sale/flat/148511392/,,5,0,9,17500000,17500000.0,2,1,48.0,1
715,1,1,193.292206105,4,35.1,http://www.cian.ru/sale/flat/150965543/,,4,0,5,17500000,17500000.0,2,1,58.0,1
716,1,1,22.4272171736,3,55.0,http://www.cian.ru/sale/flat/150521077/,10.0,15,0,8,17500000,17500000.0,3,0,80.0,1
717,0,1,189.232941017,7,40.0,http://www.cian.ru/sale/flat/150857686/,,2,0,14,17500000,17500000.0,2,0,69.2,1
718,1,,94.4714951946,7,20.0,http://www.cian.ru/sale/flat/150609088/,10.0,12,0,8,17500000,17500000.0,2,1,45.0,1
719,1,1,121.760736705,6,20.0,http://www.cian.ru/sale/flat/148255275/,10.0,10,0,11,17500000,17500000.0,1,1,48.8,0
720,0,,149.347372596,5,,http://www.cian.ru/sale/flat/149782808/,,5,0,5,17537750,17537750.0,2,0,65.0,1
721,0,,149.347372596,5,,http://www.cian.ru/sale/flat/142987506/,,3,0,5,17537750,17537750.0,2,0,65.0,1
722,1,,149.347372596,7,52.2,http://www.cian.ru/sale/flat/150046318/,,7,0,10,17591000,17591000.0,1,0,52.2,1
723,0,,146.809711466,7,52.2,http://www.cian.ru/sale/flat/150288474/,,3,0,10,17591400,17591400.0,2,0,52.2,1
724,1,1,196.494673966,6,32.0,http://www.cian.ru/sale/flat/150796106/,,8,0,9,17600000,17600000.0,2,1,46.8,1
725,0,1,187.805088056,3,52.0,http://www.cian.ru/sale/flat/150412574/,,5,0,6,17600000,17600000.0,3,1,63.0,1
726,1,1,142.933410517,6,33.0,http://www.cian.ru/sale/flat/149862171/,,9,0,14,17600000,17600000.0,2,1,53.0,1
727,1,0,106.604395594,2,43.1,http://www.cian.ru/sale/flat/149408532/,12.8,12,0,17,17650000,17650000.0,3,1,83.5,1
728,0,1,262.974246889,3,51.0,http://www.cian.ru/sale/flat/148820678/,10.0,,0,6,17650000,17650000.0,3,0,73.0,
729,0,1,85.1346419473,3,94.0,http://www.cian.ru/sale/flat/150695586/,,5,0,5,,41428660.0,3,1,118.0,1
730,1,1,117.355160884,3,90.0,http://www.cian.ru/sale/flat/36339647/,,12,0,12,,114343101.6,4,0,156.0,1
731,0,,118.154269636,7,54.3,http://www.cian.ru/sale/flat/150973827/,26.3,3,1,12,53550000,53550000.0,2,0,100.0,1
732,0,1,175.930474863,2,30.0,http://www.cian.ru/sale/flat/147471757/,22.0,7,0,2,17700000,17700000.0,2,1,60.0,1
733,1,0,94.5965323121,3,34.0,http://www.cian.ru/sale/flat/148689932/,14.0,5,0,17,17700000,17700000.0,2,0,60.0,0
734,1,1,131.281700142,5,30.0,http://www.cian.ru/sale/flat/150240755/,,7,0,9,17700000,17700000.0,2,1,54.0,0
735,1,,76.5120553752,8,55.0,http://www.cian.ru/sale/flat/149998514/,,,0,12,17700000,17700000.0,2,0,57.0,
736,1,1,33.0328767324,3,38.0,http://www.cian.ru/sale/flat/150601632/,,6,0,10,17777777,17777777.0,3,0,60.0,1
737,0,,94.4714951946,5,,http://www.cian.ru/sale/flat/148053764/,,10,0,8,17800000,17800000.0,1,0,44.5,1
738,1,1,201.895374004,6,38.1,http://www.cian.ru/sale/flat/51775164/,,9,0,9,17800000,17800000.0,2,0,57.1,1
739,1,,153.271873414,3,68.0,http://www.cian.ru/sale/flat/50192443/,,7,0,5,17839800,17839800.0,2,0,68.0,1
740,0,,149.347372596,3,54.0,http://www.cian.ru/sale/flat/139175915/,,7,0,6,17839800,17839800.0,3,0,68.0,1
741,0,1,51.9663575833,2,25.0,http://www.cian.ru/sale/flat/49549585/,,4,0,6,,17846192.0,1,1,34.0,1
742,0,,149.347372596,2,46.4,http://www.cian.ru/sale/flat/138125476/,11.0,5,1,9,17854200,17854200.0,2,0,65.4,1
743,1,1,13.2356783909,3,38.0,http://www.cian.ru/sale/flat/150126125/,,5,0,8,17900000,17900000.0,2,1,58.0,1
744,0,1,16.7093430337,3,66.0,http://www.cian.ru/sale/flat/150101949/,10.0,12,0,6,17950000,17950000.0,4,1,91.5,1
745,1,1,155.158862484,8,30.0,http://www.cian.ru/sale/flat/149712465/,11.0,12,0,9,17960000,17960000.0,2,1,51.0,1
746,1,1,226.906466466,6,31.0,http://www.cian.ru/sale/flat/26309806/,,2,0,9,18000000,18000000.0,2,1,50.0,1
747,1,1,112.84334671,2,64.0,http://www.cian.ru/sale/flat/150830708/,,5,0,6,18000000,18000000.0,4,1,102.0,1
748,1,1,98.9888774416,5,20.0,http://www.cian.ru/sale/flat/148887547/,,10,0,9,18000000,18000000.0,1,0,39.0,1
749,1,,154.658526008,2,43.0,http://www.cian.ru/sale/flat/148672786/,10.0,7,0,12,18000000,18000000.0,3,1,70.0,1
750,0,1,203.183631279,3,42.9,http://www.cian.ru/sale/flat/150253897/,,5,0,4,18000000,18000000.0,2,0,63.8,1
751,0,1,98.9888774416,5,18.0,http://www.cian.ru/sale/flat/151002475/,,13,0,9,18000000,18000000.0,1,0,39.0,1
752,0,1,187.619226037,1,41.0,http://www.cian.ru/sale/flat/149327524/,,5,0,6,18000000,18000000.0,3,1,61.0,1
753,0,1,176.048094547,1,56.0,http://www.cian.ru/sale/flat/150907371/,24.0,7,0,4,18000000,18000000.0,3,1,84.0,1
754,1,1,81.6977283462,3,35.0,http://www.cian.ru/sale/flat/150963978/,,5,0,7,18000000,18000000.0,2,0,58.3,1
755,0,1,98.9888774416,5,18.0,http://www.cian.ru/sale/flat/150047676/,,8,0,9,18000000,18000000.0,1,1,39.0,1
756,0,1,81.6977283462,7,32.0,http://www.cian.ru/sale/flat/149468142/,,6,0,7,18000000,18000000.0,2,0,54.0,1
757,1,1,125.871578913,3,50.0,http://www.cian.ru/sale/flat/37623490/,10.0,7,0,9,28500000,28500000.0,1,0,65.7,1
758,0,1,86.2972262944,3,16.0,http://www.cian.ru/sale/flat/30352258/,,3,0,8,12900000,12900000.0,1,1,32.0,1
759,1,1,50.5140745749,5,49.5,http://www.cian.ru/sale/flat/147839229/,,5,0,6,44500000,44500000.0,3,1,78.7,1
760,1,1,125.602494387,9,31.5,http://www.cian.ru/sale/flat/37580368/,11.7,10,0,16,18000000,18000000.0,2,1,54.0,1
761,1,1,255.012003404,5,42.8,http://www.cian.ru/sale/flat/151019833/,8.1,10,0,7,18000000,18000000.0,2,0,69.0,1
762,0,,191.879885976,6,,http://www.cian.ru/sale/flat/48893526/,,5,1,6,18082312,18082312.0,2,0,47.6,1
763,1,,106.836814977,13,28.7,http://www.cian.ru/sale/flat/150699779/,10.4,5,1,13,18099200,18099200.0,2,0,50.5,1
764,1,,107.309393683,13,28.7,http://www.cian.ru/sale/flat/148349545/,10.4,9,1,13,18099200,18099200.0,2,0,50.5,1
765,1,,85.1737006417,6,35.0,http://www.cian.ru/sale/flat/150861062/,,5,0,14,18100000,18100000.0,2,0,55.9,1
766,0,,91.1113686,4,32.2,http://www.cian.ru/sale/flat/142254440/,,10,1,8,18160000,18160000.0,2,0,45.4,1
767,1,,76.5120553752,11,32.0,http://www.cian.ru/sale/flat/150231878/,11.0,6,0,14,18200000,18200000.0,2,0,57.0,0
768,1,,223.084174282,7,33.0,http://www.cian.ru/sale/flat/150578948/,,8,0,11,18300000,18300000.0,2,1,55.0,1
769,0,1,84.6455005198,2,45.0,http://www.cian.ru/sale/flat/51782639/,,10,0,5,18300000,18300000.0,3,0,61.0,1
770,1,,112.170766009,3,30.0,http://www.cian.ru/sale/flat/150425443/,20.0,12,1,8,18310000,18310000.0,1,0,48.8,1
771,1,,144.233161829,14,27.5,http://www.cian.ru/sale/flat/48904286/,12.4,10,1,19,18359600,18359600.0,2,0,58.1,1
772,0,,153.271873414,2,60.9,http://www.cian.ru/sale/flat/49094436/,,7,0,5,18390000,18390000.0,2,0,60.9,1
773,0,1,63.1470004512,5,,http://www.cian.ru/sale/flat/150986436/,,1,0,8,18400000,18400000.0,2,0,72.0,1
774,1,1,86.0486322248,6,30.0,http://www.cian.ru/sale/flat/151008260/,11.0,10,0,14,18500000,18500000.0,1,1,57.0,1
775,0,1,197.906698937,2,37.0,http://www.cian.ru/sale/flat/150858235/,,5,0,7,18500000,18500000.0,2,0,56.0,1
776,0,1,70.3047973235,2,41.0,http://www.cian.ru/sale/flat/139190472/,,7,0,5,18500000,18500000.0,2,1,51.0,0
777,1,0,113.862498515,5,51.3,http://www.cian.ru/sale/flat/150475470/,10.7,10,0,17,18500000,18500000.0,3,1,80.0,1
778,0,,71.5695405677,1,54.9,http://www.cian.ru/sale/flat/149930756/,11.0,8,0,6,18500000,18500000.0,3,1,82.4,1
779,0,1,25.8632885885,1,24.0,http://www.cian.ru/sale/flat/150408010/,17.0,3,0,30,18500000,18500000.0,1,0,41.0,1
780,1,,83.5957804973,11,30.0,http://www.cian.ru/sale/flat/149311866/,10.0,7,0,12,18500000,18500000.0,2,0,52.0,0
781,0,,44.6186272512,12,,http://www.cian.ru/sale/flat/148633624/,,13,0,21,18500000,18500000.0,1,0,56.0,1
782,0,1,25.8632885885,1,36.9,http://www.cian.ru/sale/flat/150049090/,,3,0,24,18500000,18500000.0,2,1,51.0,1
783,0,,191.879885976,4,,http://www.cian.ru/sale/flat/48903171/,,5,1,7,18533894,18533894.0,2,0,57.7,1
784,0,,193.56231169,7,35.0,http://www.cian.ru/sale/flat/148961653/,,9,1,7,18574516,18574516.0,2,0,57.9,1
785,1,1,50.5140745749,5,49.5,http://www.cian.ru/sale/flat/147839229/,,5,0,6,44500000,44500000.0,3,1,78.7,1
786,0,1,248.733123487,9,,http://www.cian.ru/sale/flat/147850458/,,7,0,12,,194396020.0,4,1,170.0,1
787,0,,58.9313768013,57,,http://www.cian.ru/sale/flat/150124263/,,2,0,60,,82082922.74,3,0,215.0,1
788,0,1,54.8007625673,5,61.0,http://www.cian.ru/sale/flat/145205143/,10.0,3,0,5,18600000,18600000.0,4,1,90.0,1
789,1,,80.1512795387,14,28.0,http://www.cian.ru/sale/flat/150149867/,10.0,5,0,14,18600000,18600000.0,2,1,52.0,1
790,1,,80.1512795387,14,28.0,http://www.cian.ru/sale/flat/150149866/,10.0,5,0,14,18600000,18600000.0,1,1,52.0,1
791,0,1,54.8007625673,5,63.0,http://www.cian.ru/sale/flat/150464350/,,5,0,5,18600000,18600000.0,4,1,90.0,1
792,0,1,137.335002673,4,56.0,http://www.cian.ru/sale/flat/150635170/,12.0,4,0,6,18600000,18600000.0,3,1,80.0,0
793,0,,223.084174282,4,30.5,http://www.cian.ru/sale/flat/149520412/,,8,0,10,18700000,18700000.0,2,0,54.0,1
794,1,,218.667671999,4,63.1,http://www.cian.ru/sale/flat/150903469/,9.8,5,0,8,18800000,18800000.0,3,1,82.0,1
795,0,,191.879885976,1,,http://www.cian.ru/sale/flat/48899196/,,5,1,6,18877252,18877252.0,2,0,61.3,1
796,0,1,124.17056576,3,34.1,http://www.cian.ru/sale/flat/150425016/,9.1,4,0,4,18900000,18900000.0,2,1,62.1,1
797,1,1,36.9151188678,12,55.0,http://www.cian.ru/sale/flat/150196218/,,15,0,19,19000000,19000000.0,2,0,55.0,1
798,1,1,259.748129388,4,48.0,http://www.cian.ru/sale/flat/150877089/,,10,0,7,19000000,19000000.0,3,1,76.0,1
799,1,1,125.910282546,3,49.0,http://www.cian.ru/sale/flat/43472315/,10.0,11,0,25,19000000,19000000.0,3,1,80.5,1
800,0,,71.0933021549,2,,http://www.cian.ru/sale/flat/148282730/,,13,0,7,19000000,19000000.0,1,1,55.0,1
801,1,,108.010570826,3,58.0,http://www.cian.ru/sale/flat/149931516/,,11,0,5,19000000,19000000.0,3,1,80.0,1
802,1,1,105.938113448,8,25.3,http://www.cian.ru/sale/flat/149555669/,8.2,6,0,12,19000000,19000000.0,2,1,43.9,1
803,1,1,40.5872252011,5,41.3,http://www.cian.ru/sale/flat/150684834/,7.4,4,0,7,19000000,19000000.0,3,0,62.0,1
804,0,1,122.355347354,6,36.0,http://www.cian.ru/sale/flat/49724829/,14.0,5,0,8,19000000,19000000.0,2,0,62.0,1
805,1,1,36.9151188678,12,54.1,http://www.cian.ru/sale/flat/147695889/,,21,0,19,19000000,19000000.0,1,0,54.1,1
806,0,,112.170766009,3,25.0,http://www.cian.ru/sale/flat/150454619/,15.0,5,0,8,19096000,19096000.0,1,0,50.8,1
807,0,,112.170766009,3,25.0,http://www.cian.ru/sale/flat/151007813/,,4,1,8,19096000,19096000.0,1,0,50.8,1
808,0,,112.170766009,3,,http://www.cian.ru/sale/flat/150234018/,,9,1,8,19096000,19096000.0,1,0,50.8,1
809,0,,112.170766009,3,,http://www.cian.ru/sale/flat/149725676/,,6,1,8,19096000,19096000.0,1,0,50.8,1
810,0,1,84.6455005198,5,45.0,http://www.cian.ru/sale/flat/51751779/,,10,0,5,19200000,19200000.0,3,0,64.0,1
811,0,,112.170766009,4,25.0,http://www.cian.ru/sale/flat/150454328/,15.0,5,0,8,19332000,19332000.0,1,0,48.8,1
812,0,,112.170766009,4,25.0,http://www.cian.ru/sale/flat/151007770/,,4,1,8,19332000,19332000.0,1,0,49.0,1
813,0,,118.154269636,10,19.0,http://www.cian.ru/sale/flat/149145314/,,3,1,12,13650000,13650000.0,1,0,26.0,1
814,1,,106.836814977,2,24.8,http://www.cian.ru/sale/flat/150699780/,8.5,5,1,13,14558000,14558000.0,2,0,50.2,1
815,0,,67.741378849,36,80.0,http://www.cian.ru/sale/flat/148956565/,20.0,2,0,62,,69472676.0,3,1,109.0,1
816,0,,112.170766009,4,,http://www.cian.ru/sale/flat/149725677/,,6,1,8,19332000,19332000.0,1,0,48.8,1
817,0,,112.170766009,4,48.8,http://www.cian.ru/sale/flat/150768602/,,7,1,8,19332000,19332000.0,1,0,48.8,0
818,1,,107.03049597,13,50.2,http://www.cian.ru/sale/flat/150768595/,12.8,5,1,13,19353867,19353867.0,1,0,50.2,0
819,1,,107.309393683,13,17.9,http://www.cian.ru/sale/flat/148349518/,12.8,9,1,13,19378867,19378867.0,1,0,50.2,1
820,1,,107.309393683,13,19.1,http://www.cian.ru/sale/flat/148352015/,13.1,9,1,13,19378950,19378950.0,1,0,50.5,1
821,1,1,163.708972635,2,27.0,http://www.cian.ru/sale/flat/148413638/,,6,0,12,19400000,19400000.0,2,1,57.0,1
822,1,1,56.1162060161,5,51.0,http://www.cian.ru/sale/flat/148317171/,,5,0,7,19450000,19450000.0,3,1,73.0,1
823,0,,149.347372596,2,,http://www.cian.ru/sale/flat/149782798/,,5,0,5,19498050,19498050.0,3,0,71.5,1
824,1,,136.896593923,4,35.3,http://www.cian.ru/sale/flat/140962501/,,5,0,8,19500000,19500000.0,2,1,56.1,1
825,1,,193.801545308,3,54.5,http://www.cian.ru/sale/flat/150946239/,15.0,5,0,14,19500000,19500000.0,3,0,78.8,1
826,1,0,106.604395594,11,54.2,http://www.cian.ru/sale/flat/150204287/,10.0,12,0,17,19500000,19500000.0,3,1,84.6,1
827,1,,212.877855823,5,42.8,http://www.cian.ru/sale/flat/144453677/,6.1,8,0,8,19500000,19500000.0,3,1,65.4,1
828,0,,155.313474303,10,37.0,http://www.cian.ru/sale/flat/150781938/,12.0,5,0,10,19500000,19500000.0,2,1,70.0,1
829,0,1,287.695474638,4,,http://www.cian.ru/sale/flat/149766334/,,15,0,9,19500000,19500000.0,2,1,45.0,1
830,1,0,245.054926051,6,44.6,http://www.cian.ru/sale/flat/150531109/,10.3,15,0,17,19500000,19500000.0,3,1,71.0,0
831,1,1,211.281726045,9,64.2,http://www.cian.ru/sale/flat/149874062/,17.1,8,0,10,19500000,19500000.0,3,1,100.0,0
832,1,,149.347372596,3,60.9,http://www.cian.ru/sale/flat/150046369/,,7,0,5,19561000,19561000.0,2,0,60.9,1
833,1,,151.007961834,3,54.0,http://www.cian.ru/sale/flat/49051224/,12.0,5,0,5,19610000,19610000.0,3,0,85.0,1
834,0,,71.0933021549,2,,http://www.cian.ru/sale/flat/144872471/,,13,1,7,19723264,19723264.0,1,0,54.4,1
835,1,0,139.949963457,7,51.0,http://www.cian.ru/sale/flat/146577191/,10.0,15,0,14,19800000,19800000.0,3,0,82.0,1
836,0,1,125.086051264,1,47.0,http://www.cian.ru/sale/flat/149779478/,13.0,5,0,8,19900000,19900000.0,3,1,80.0,1
837,1,1,42.3650116408,5,35.0,http://www.cian.ru/sale/flat/148282623/,,4,0,9,19900000,19900000.0,2,1,56.0,1
838,1,0,73.01023146,2,,http://www.cian.ru/sale/flat/149815814/,10.5,2,0,18,19900000,19900000.0,3,0,74.0,1
839,0,1,75.3641756544,1,37.0,http://www.cian.ru/sale/flat/150057816/,,4,0,6,19900000,19900000.0,2,1,58.0,1
840,0,1,194.317403222,1,71.0,http://www.cian.ru/sale/flat/144148185/,11.0,5,0,4,19900000,19900000.0,5,1,100.0,1
